Start,End,Open,High,Low,Close,Volume,Market Cap
2024-12-31,2025-01-01,0.7300068474634879,0.7389228988557546,0.6772545386624179,0.6794537413413346,626816576.2961673,1996040354.5191638
2024-12-30,2024-12-31,0.7792539704221288,0.8096984514267618,0.6971812713863882,0.725978691103939,475096618.0034843,2154283318.087108
2024-12-29,2024-12-30,0.7885955471191057,0.8131926361236148,0.7725530696213316,0.7832554834741299,445855562.78397214,2210461297.041812
2024-12-28,2024-12-29,0.836265148601034,0.838729415164914,0.7823946212224291,0.7914000663905764,446203447.9860627,2280489712.8954706
2024-12-27,2024-12-28,0.8792290612517838,0.9184959041413276,0.8251075773974001,0.8299348980864439,501622582.1358885,2451426389.9860625
2024-12-26,2024-12-27,0.9761477592570565,0.9776508182382927,0.8686074333698126,0.8721705473970232,473224789.8606272,2570458863.4947734
2024-12-25,2024-12-26,0.9966358986344157,1.023268456298143,0.9610975901801314,0.9661358345634309,803639457.0387324,2777071353.0105634
2024-12-24,2024-12-25,1.0403776279098103,1.0403776279098103,0.9079916298682366,0.9989474172757947,920261507.9372822,2780744557
2024-12-23,2024-12-24,0.964024021805241,1.0450426944198092,0.938360863085735,1.039435738872586,695006258.4111499,2752716031.8013935
2024-12-22,2024-12-23,0.9612746895959978,1.0152432863040062,0.9346905897379516,0.9654139158937013,725592440.1289198,2742221249.7038326
2024-12-21,2024-12-22,0.9945831130825135,1.097448485743066,0.9545039331279178,0.9660730475694606,1097056571.651568,2864309897.8850174
2024-12-20,2024-12-21,0.991391330356673,1.0280029048129666,0.8531317902858033,0.9910748375252801,1345106993.6585367,2693464200.4947734
2024-12-19,2024-12-20,1.1137466004728516,1.1791544861871892,0.97934512731085,1.0006291430857763,1511116576.7595818,3086013665.550523
2024-12-18,2024-12-19,1.318338993185219,1.3570693231323585,1.1170592307496467,1.1170592307496467,939641825.7108014,3520224415.9268293
2024-12-17,2024-12-18,1.3903886594578396,1.4302308095190193,1.315125568552877,1.3184800392503286,866021030.7351916,3872544724.916376
2024-12-16,2024-12-17,1.4353697297553938,1.465647812890593,1.3451165468934754,1.3866271163031936,1349376442.1672473,3908616254.3728223
2024-12-15,2024-12-16,1.2264835918522279,1.442972123925584,1.1993848029605554,1.4371814497302338,697630787.1602788,3607008223.02439
2024-12-14,2024-12-15,1.3176315915135952,1.3215828014725404,1.215399311312338,1.2239919795527792,719806266.912892,3531074570.780488
2024-12-13,2024-12-14,1.2349668463395007,1.3087890685618082,1.1986356049345204,1.3086323536659616,717068141.6167247,3477154504.0034842
2024-12-12,2024-12-13,1.2478911797431613,1.3227243719107717,1.223200570955657,1.2348184150764119,820720871.6550523,3574127406.43554
2024-12-11,2024-12-12,1.1575941548214457,1.2563649290501955,1.1168120195571187,1.2501464922448668,1271338840,3321706558.303136
2024-12-10,2024-12-11,1.1069491570034105,1.1994643871715438,1.0604332495172746,1.1551923325202746,1948414055.4146342,3197468022.4529614
2024-12-09,2024-12-10,1.3356323465038051,1.3356323465038051,1.0337097424621597,1.1260929479605966,890036815.8466899,3469472930.3344946
2024-12-08,2024-12-09,1.3198904328068872,1.3694849952501227,1.2934604655973154,1.3360286419271508,821852971.3344948,3716092801.2961674
2024-12-07,2024-12-08,1.3185800762489455,1.391607412922546,1.3145428924024378,1.3194927583947995,1142573002.1672473,3779017448.9477353
2024-12-06,2024-12-07,1.3040069806693486,1.3542262584987441,1.2639259008027535,1.3070426379130964,1812504512.6188812,3683494752.0734267
2024-12-05,2024-12-06,1.210860587369768,1.3309303315145042,1.165131135329256,1.308974884695245,1530030535.5314686,3504254901.1573424
2024-12-04,2024-12-05,1.2492506467154163,1.2877232268688719,1.1900118659129126,1.2129661032237686,1968566818.2439024,3490879046.616725
2024-12-03,2024-12-04,1.2558292205744381,1.3442705085836093,1.1799530440255421,1.2544611783959825,2718383417.0905924,3496469269.6689897
2024-12-02,2024-12-03,1.1048423068779474,1.2512866033625984,0.9860886207658254,1.2512866033625984,1174814457.8919861,2971221630.1881533
2024-12-01,2024-12-02,1.0525118429158196,1.1062804524974543,1.0253898480034644,1.0950276793516107,756270881.8466899,2965858413.6445994
2024-11-30,2024-12-01,1.0294001035727343,1.0891773710624486,1.0137078839163096,1.0500760589105502,878543982.6724739,2963278782.9965158
2024-11-29,2024-11-30,0.9981353936712978,1.0497347224200257,0.9981353936712978,1.0340722835730916,859314419.1219512,2879680318.550523
2024-11-28,2024-11-29,1.045342297402075,1.0995422243920818,0.9864351620763716,0.9963989857594762,1227413369.5853658,2890955863.3170733
2024-11-27,2024-11-28,1.0678155609820932,1.1328286158005985,1.0310964381928651,1.047872198814132,2467183112.6236935,2993451261.815331
2024-11-26,2024-11-27,0.9872773711024215,1.1005181652893359,0.928536562626651,1.082749950110197,2220687498.9825783,2838957766.097561
2024-11-25,2024-11-26,0.9914016259190205,1.0087089998025622,0.912837392377089,0.9745000993953717,2084426169.9059234,2680910859.3519163
2024-11-24,2024-11-25,0.8776093452578136,1.019600719906062,0.8404643334020128,1.0015100109005355,1999797204.4843206,2600029383.6236935
2024-11-23,2024-11-24,0.763271455463299,0.9452347357867379,0.7529613004969667,0.8761810719466538,1363201403.5958188,2368543515.30662
2024-11-22,2024-11-23,0.7069511100021177,0.7589127576985936,0.6859938736385748,0.7576217924466218,641929117.8188154,1994152321.8954704
2024-11-21,2024-11-22,0.6624948398364702,0.7267982118845256,0.6442591964152683,0.7086488079412409,621202160.7587413,1931735872.9265735
2024-11-20,2024-11-21,0.6926488688112765,0.7063333064970834,0.6481598467165295,0.6627352198998787,483635913.27526134,1908292912.9442508
2024-11-19,2024-11-20,0.7316370430688192,0.7316370430688192,0.6842920441269026,0.6961828756850014,526764859.0418118,1978923527.2439024
2024-11-18,2024-11-19,0.6978242011293914,0.7337735344443466,0.691200933409864,0.7291692302525392,555094990.2752613,2005752752.857143
2024-11-17,2024-11-18,0.7461323321118131,0.7660253641140543,0.6825172303119348,0.6971859294625701,650140349.6864111,2029814362.7212543
2024-11-16,2024-11-17,0.7058630984730033,0.7648510778351946,0.7011323296326867,0.7448485704038758,623540284.5993031,2060799947.4843206
2024-11-15,2024-11-16,0.6737874144613034,0.7257568209094656,0.661053945513081,0.705523331391647,667807945.7839721,1947695784.7665505
2024-11-14,2024-11-15,0.7019495048002484,0.7410840912680468,0.6619001108045597,0.6718146712803306,923471414.3066202,1966064751.3031359
2024-11-13,2024-11-14,0.766288466108217,0.7688156933576059,0.6821998903103569,0.7025148485167219,976811739.8188154,2022379259.5853658
2024-11-12,2024-11-13,0.8183195923143286,0.8326640435470801,0.7228679999992399,0.7675835201766851,1032799239.7003484,2178131341.219512
2024-11-11,2024-11-12,0.7905304407323448,0.8378938263614463,0.7555005409066657,0.8378938263614463,982240867.5261323,2222415321.080139
2024-11-10,2024-11-11,0.7520135623951353,0.8233602580494727,0.7327702139264751,0.7880847819144573,688989093.9686412,2174654250.327526
2024-11-09,2024-11-10,0.7150622238163047,0.7645092959241663,0.7137310819890403,0.7588228948301066,510046899.630662,2066428113.4982579
2024-11-08,2024-11-09,0.7272169230520472,0.7365115103835534,0.7007126557692921,0.7186002468973098,522419992.77700347,2008583300.9094076
2024-11-07,2024-11-08,0.6914733681963834,0.7339414942352419,0.685403438464435,0.7228231838970078,660585986.6062717,1995812188.609756
2024-11-06,2024-11-07,0.5852224470911161,0.6991414385347037,0.5832152976656163,0.6898139117439309,743902051.5261323,1840526730.4181185
2024-11-05,2024-11-06,0.548074838231761,0.6065475149755689,0.5461285104466463,0.5824006572960275,447293974.92334497,1606385138.5749128
2024-11-04,2024-11-05,0.5976130388351457,0.6036047434546801,0.5315159508781263,0.5452776636910771,391931834.0383275,1618234121.0522647
2024-11-03,2024-11-04,0.6197345610791831,0.6214872622956249,0.5618662650798735,0.5997206209734585,297011853.82229966,1669696614.7770035
2024-11-02,2024-11-03,0.6429694528328038,0.646550691784022,0.6147257685514619,0.618745273492823,282102207.9756098,1767160094.2299652
2024-11-01,2024-11-02,0.6579176850493339,0.667933367451643,0.6314128931569947,0.6396653318991153,325341143.5818815,1821917764.2229965
2024-10-31,2024-11-01,0.6938370963906344,0.6948605918397768,0.6446588880480145,0.6550252793990682,292146715.75958186,1879425270.2996516
2024-10-30,2024-10-31,0.7206771252146431,0.7206771252146431,0.6882530252748953,0.6930032645185084,355906094.4041812,1966469274.1811848
2024-10-29,2024-10-30,0.6868243751821959,0.726223162991151,0.6857135830535596,0.7189363202918174,430442841.8606272,1997135860.4634147
2024-10-28,2024-10-29,0.6852693880986587,0.6931076485081137,0.662685199241046,0.6878567024172552,399495495.31707317,1898921214.651568
2024-10-27,2024-10-28,0.645479738323082,0.6931976760768565,0.6442906132389502,0.6840008032182273,268375663.89198607,1845396838.8954704
2024-10-26,2024-10-27,0.6162134916044075,0.6509275848002875,0.6141637543665449,0.6452285233828445,551786435.8501742,1785229910.9233449
2024-10-25,2024-10-26,0.690514440215858,0.691284153851952,0.60379781196459,0.6204651601625394,326194722.8606272,1889472948.0662022
2024-10-24,2024-10-25,0.6872373977525218,0.7011733215576045,0.6831090348046185,0.6883435567660088,378225611.77003485,1943384534.0452962
2024-10-23,2024-10-24,0.7092165342634845,0.7092165342634845,0.6644525708454572,0.6870192738099399,415974356.22996515,1935998210.2543554
2024-10-22,2024-10-23,0.7395932636199716,0.7489548720682105,0.6966888858683622,0.708046987080189,425392281.6480836,2030320015.9756098
2024-10-21,2024-10-22,0.7610064474877305,0.7936632931723415,0.7346470141871237,0.7374970612777696,530140196.31707317,2117904069.9337978
2024-10-20,2024-10-21,0.7202087925806444,0.7611263445197674,0.7087547245211253,0.7595229955207154,274596717.80836236,2048866799.2404182
2024-10-19,2024-10-20,0.7334204956096882,0.7440631286892245,0.7137692286090902,0.7203757743537342,388734835.9756098,2036918195.7909408
2024-10-18,2024-10-19,0.7211218822156145,0.7421603774027704,0.7066463226562132,0.732996502035414,531503123.31358886,2028806738.2961671
2024-10-17,2024-10-18,0.7446527831392288,0.7653905682497805,0.7052154685266175,0.7210201840438923,588049247.9860628,2056877110.4285715
2024-10-16,2024-10-17,0.7574494844118518,0.7685571910202109,0.7247463681470274,0.7424651926008368,1007361443.4808363,2091543768.1254356
2024-10-15,2024-10-16,0.7334123969772666,0.7941767570838805,0.7247525959876162,0.7618153002544802,988354106.4808363,2108338568.8989546
2024-10-14,2024-10-15,0.6655023002077978,0.7434668138627248,0.6610055270805796,0.7330819979037551,700650128.1986063,1990095073.8850174
2024-10-13,2024-10-14,0.7049001359581653,0.7122516429852306,0.651979677330625,0.6649558896723845,494543054.0662021,1923345606.3240418
2024-10-12,2024-10-13,0.680086026040369,0.7073534406449647,0.6667074806889172,0.7052462459769477,552060794.1428572,1919327589.456446
2024-10-11,2024-10-12,0.6299714888778006,0.6869905709690688,0.6283218061909739,0.6742934799593483,747069189.2857143,1836792727.7038329
2024-10-10,2024-10-11,0.6638571084458988,0.7039364255023967,0.626108932121414,0.6309135526204638,743302324.9512196,1858046041.620209
2024-10-09,2024-10-10,0.6830493814095504,0.711093091503412,0.6628730442675328,0.6628730442675328,742052599.8954704,1941684578.1010454
2024-10-08,2024-10-09,0.6678057655388322,0.6979555785120651,0.6557572044461384,0.678973113268586,827915900.7317073,1904891067.2648084
2024-10-07,2024-10-08,0.6551437574788536,0.6928643381625404,0.6436473010070921,0.663580717488115,655328565.1533101,1874668129.512195
2024-10-06,2024-10-07,0.6072368688565788,0.6585335398423791,0.6058895418669324,0.6551910927329362,453479116.4181185,1777348532.7526133
2024-10-05,2024-10-06,0.6386495744999877,0.6417461523108697,0.5980284434025792,0.6096209486940071,541688038.1672474,1744121195.3240418
2024-10-04,2024-10-05,0.6111240953537777,0.6456056328904097,0.5995895319674652,0.6327887499591858,846369106.7560976,1746209469.7665505
2024-10-03,2024-10-04,0.6504681762579071,0.664116881171502,0.5916233136062927,0.6061269998403853,1107666353.379791,1748988084.8188152
2024-10-02,2024-10-03,0.6702274682460071,0.732135428257431,0.6458864197012112,0.6517193330722107,1424188675.3449478,1931406330.6794424
2024-10-01,2024-10-02,0.6953662982682621,0.7613164422286379,0.6618546225952224,0.6726710854805386,1053767772.0034844,2009082405.9198606
2024-09-30,2024-10-01,0.6770533263439088,0.7145376313430485,0.6597898205313559,0.6914149966947071,792642731.6550523,1934430671.4947736
2024-09-29,2024-09-30,0.6752757433606587,0.7278288634195899,0.6542889440114247,0.6799423903891388,425110457.8675958,1902249879.3031359
2024-09-28,2024-09-29,0.6995197026406529,0.7063427523191235,0.6647622548117299,0.6750744268299234,534598313.4878049,1900966855.477352
2024-09-27,2024-09-28,0.6925711703189404,0.7194847474268031,0.6731834294614784,0.7008263322548121,864902071.1219512,1955141596.0940766
2024-09-26,2024-09-27,0.6537138380500515,0.7334463222824207,0.643055282352831,0.69088367887668,741097142.4006969,1934029499.1358886
2024-09-25,2024-09-26,0.6662263210936029,0.7154394971864614,0.6520703241771927,0.6546974876926979,896360365.5958188,1893715236.456446
2024-09-24,2024-09-25,0.6362405078416782,0.6774395517598474,0.6174484819698207,0.6649271412346408,581152139.9512196,1806655296.8745644
2024-09-23,2024-09-24,0.6527116613825283,0.6830366905985696,0.6325989332555961,0.6394414985586206,701948062.5679443,1821585435.487805
2024-09-22,2024-09-23,0.7021787764341515,0.7039468825216588,0.6347791930355337,0.6558189235884222,694391471.2648084,1842232765.3344948
2024-09-21,2024-09-22,0.641181884890042,0.7092348658182972,0.6203545439754318,0.7092348658182972,583344841.0452962,1807567030.8536584
2024-09-20,2024-09-21,0.6318629925418742,0.6712638835612301,0.6234458186204282,0.6414447373559051,814740857.902439,1804605654.9233449
2024-09-19,2024-09-20,0.6521922189075489,0.6758547103556534,0.6300245308935682,0.6315833384251902,1226421759.6376307,1810930252.7979095
2024-09-18,2024-09-19,0.5707694814100444,0.6559444966691292,0.5585577725493578,0.647638967483256,903593425.0348432,1640142994.0801394
2024-09-17,2024-09-18,0.5198508327219781,0.5770243499252256,0.5126722605481036,0.5718431481407802,962370785.2891986,1555786601.8641114
2024-09-16,2024-09-17,0.5057645545162452,0.5270201714878258,0.48218615498607914,0.5217043696493373,791025258.1916376,1422898326.9198606
2024-09-15,2024-09-16,0.47380078002210546,0.5255109318947679,0.4735598564602076,0.5073308581886065,398542212.4076655,1400858581.4146342
2024-09-14,2024-09-15,0.49890151167710917,0.49890151167710917,0.46830280488905757,0.47335052034288416,361484871.0313589,1343269955.7038329
2024-09-13,2024-09-14,0.4967170497141537,0.5029250149535639,0.4750775804298186,0.4989452988859712,374907132.1672474,1365945063.979094
2024-09-12,2024-09-13,0.47899393696245596,0.497626263050167,0.4765856994839942,0.4968213157098409,447758817.5574913,1367309734.815331
2024-09-11,2024-09-12,0.5014253621259841,0.5016955959076673,0.4775796038439844,0.4809849391950997,520995019.4494774,1366621715.533101
2024-09-10,2024-09-11,0.48400830078336116,0.509852485505526,0.48002426722486746,0.5002451311799178,639640459.6027875,1373010479.1254356
2024-09-09,2024-09-10,0.40887831268649455,0.48729447990567315,0.40887831268649455,0.4846789917711709,421401123.85263157,1244194066.1157894
2024-09-08,2024-09-09,0.38250046249263353,0.41315591142442654,0.3810943252608115,0.40866096310933336,245882339.55052266,1116593347.1811848
2024-09-07,2024-09-08,0.3691795045999166,0.39144370408427864,0.36780193752428264,0.3821709013722868,319198463.9442509,1067934043.2299652
2024-09-06,2024-09-07,0.3783352973751468,0.3944879000793662,0.35967964398321745,0.3693506982394498,269647485.75958186,1062997965.6829268
2024-09-05,2024-09-06,0.39432877873591565,0.3977541096580512,0.3757421595647148,0.3784277054206931,251703342.4599303,1083889752.8536584
2024-09-04,2024-09-05,0.3861880570341993,0.4083642171362065,0.36931103243910685,0.39595185629922175,343685928.543554,1092725318.6027875
2024-09-03,2024-09-04,0.424021062030222,0.4316487481824314,0.38812013464419637,0.38812013464419637,306816203,1149795266.2334495
2024-09-02,2024-09-03,0.40042021696694746,0.4263023640285739,0.39867247524746224,0.4237802001144197,362235937.85365856,1156743253.6550522
2024-09-01,2024-09-02,0.41573117147868177,0.41855347005008836,0.3961194643519324,0.4008502260526451,211959459.57142857,1145850892.6864111
2024-08-31,2024-09-01,0.42365504462604897,0.4287863059075768,0.4147286837215288,0.41668563736570574,293729709.88850176,1182034831.3310103
2024-08-30,2024-08-31,0.41849324089118506,0.4318873969382527,0.40349365553140004,0.42392935256283487,442634110.4285714,1183133176.4634147
2024-08-29,2024-08-30,0.4193344174275943,0.4495358288087577,0.40993486556500985,0.4193127034444443,522505219.1324042,1191161153.6933799
2024-08-28,2024-08-29,0.44092069170251263,0.45701481535245464,0.40509527236123255,0.41818803112156117,640279393.5540069,1215497190.1881533
2024-08-27,2024-08-28,0.4824411277460999,0.5119404820381951,0.43461771230844365,0.4427197985594775,469109458.0627178,1354556048.84669
2024-08-26,2024-08-27,0.5241817505982851,0.5276298017558079,0.475328785610019,0.47805509752075437,420136015.9756098,1397348661.456446
2024-08-25,2024-08-26,0.5106153661437708,0.5308727878916607,0.48570322321145126,0.52253018292974,399317149.4285714,1398586141.4947736
2024-08-24,2024-08-25,0.5145596857938041,0.529214760739895,0.5049440597572925,0.5130248942252654,626923699.7108014,1437993455.121951
2024-08-23,2024-08-24,0.4644691087049685,0.5156196838459987,0.459956455009875,0.5120475451699492,557974578.048951,1365221099.0734265
2024-08-22,2024-08-23,0.4588694746915773,0.4684728488276351,0.4499361570909612,0.462592103186833,690268919.6271777,1287533140.1358886
2024-08-21,2024-08-22,0.39433509794054755,0.46447179423618923,0.38844839724431257,0.46063256733729446,421915436.8850174,1160656260.4599304
2024-08-20,2024-08-21,0.3880956117109925,0.39761171543900486,0.37867691829335726,0.39507403760229376,389683605.78745645,1092064156.0139372
2024-08-19,2024-08-20,0.3850560839848294,0.3926385847988815,0.37528039160608595,0.39198655795928533,472276151.3379791,1073321977.5087107
2024-08-18,2024-08-19,0.38955553729964804,0.40037328913916487,0.37335355833142836,0.3889144101635791,368121567.3519164,1078184738.8397212
2024-08-17,2024-08-18,0.3673045129839238,0.39221658444581997,0.3628255287127686,0.3895914674843286,570237796.0487804,1062993768.0696864
2024-08-16,2024-08-17,0.38641748385763064,0.4019089773748128,0.3551347384988072,0.3682795754493693,849635531.8188154,1063209472.0069686
2024-08-15,2024-08-16,0.37173264806300915,0.40387285121459826,0.35914702059655146,0.3880732382411666,526565370.0348432,1052491886.5888501
2024-08-14,2024-08-15,0.37104711898074766,0.3774799232840106,0.3644265451799901,0.37165318020839067,335134998.5261324,1038241514.3205575
2024-08-13,2024-08-14,0.3514467629146064,0.3734316718579054,0.33672547262799485,0.3700865955933992,268320191.3902439,982924817.8780488
2024-08-12,2024-08-13,0.3255189923227335,0.36164304366744165,0.32342640464986205,0.3518754205168858,258695932.5783972,954697104.9303136
2024-08-11,2024-08-12,0.3486931722804246,0.36282578914768504,0.3208968610605839,0.32465854685809203,169760316.0209059,967356839.8222996
2024-08-10,2024-08-11,0.3374390489621117,0.3537526574665714,0.3319834092160699,0.3497220405113916,154838434.4250871,962235996.2125436
2024-08-09,2024-08-10,0.3434495017032136,0.34595413199528946,0.33049867240157055,0.33879382731318997,206364492.3554007,945718454.6968641
2024-08-08,2024-08-09,0.2984456717677947,0.3446507189257475,0.29132046667161104,0.3445607820571677,238132849.63066202,896965009.2891986
2024-08-07,2024-08-08,0.31611371785849,0.32451644212244407,0.2971861141252661,0.2992215732799516,255634087.9651568,875451729.7247387
2024-08-06,2024-08-07,0.29380541515335584,0.32291420095984485,0.29380541515335584,0.3169599511698547,494990325.4250871,878358636.8397212
2024-08-05,2024-08-06,0.34480162923812196,0.3452703858787343,0.2651742802877332,0.29285730654388364,666308695.4494773,822790387.4912893
2024-08-04,2024-08-05,0.3586246598071518,0.3730546862671072,0.3289364622892169,0.34234549778995593,254156756.51567945,1003180570.0313588
2024-08-03,2024-08-04,0.3884432017209947,0.396867073860862,0.35193401973008126,0.35936187735353087,316761529.9651568,1065926240.2160279
2024-08-02,2024-08-03,0.4175185185197599,0.4224740483920047,0.3823774779496103,0.38662276500438814,359958615.70383275,1132397476.5261323
2024-08-01,2024-08-02,0.41349161827503417,0.41909836274647255,0.3836611063236739,0.4143165504140469,344093528.58536583,1142372679.6898954
2024-07-31,2024-08-01,0.43470266095467985,0.4394756382109272,0.4108465007861107,0.41150564429234104,382991698.4529617,1202843022.682927
2024-07-30,2024-07-31,0.44547052749902577,0.4767056321541978,0.4329134517105835,0.4337243621698033,291885743.5017422,1270577731.5365853
2024-07-29,2024-07-30,0.4441096524984249,0.4746069117367086,0.44316916962688885,0.4446877452540118,209506291.09756097,1290818249.5191638
2024-07-28,2024-07-29,0.4539292719396206,0.45708540087357163,0.4387816605850406,0.4447196368170612,212307323.09059232,1251101410.2543554
2024-07-27,2024-07-28,0.4611143744704128,0.473304552959456,0.44521838625724913,0.45744160708784193,193364970.40418118,1292004550.728223
2024-07-26,2024-07-27,0.43427497977856894,0.4632257901158997,0.43410613689721095,0.46254991869782924,321970967.75261325,1264208367.1777003
2024-07-25,2024-07-26,0.45861154082987277,0.46002286175022633,0.41659814640816123,0.43463265216225455,333540796.58536583,1233928178.487805
2024-07-24,2024-07-25,0.4919162313163443,0.500994581415176,0.4568246861170886,0.4585247309292373,270781303,1364150992.857143
2024-07-23,2024-07-24,0.5089879708115123,0.5160406259661263,0.4775935076304559,0.49084210782246174,292954823.9303136,1399437574.6794424
2024-07-22,2024-07-23,0.5449051383884767,0.5455230642678122,0.5068514532868553,0.5096068212685717,365159317.22105265,1468380845.877193
2024-07-21,2024-07-22,0.520974221274698,0.5441995486576818,0.5034421623493003,0.5433486836694726,263178519.39721254,1464104535.4250872
2024-07-20,2024-07-21,0.5222507844323073,0.5331476824318471,0.5102163491013801,0.5222929240068396,332573119.70383275,1462331926.0696864
2024-07-19,2024-07-20,0.47564022419595237,0.530202156529233,0.4657000404600846,0.5211985068886621,356726100.456446,1381369438.6550522
2024-07-18,2024-07-19,0.5116582121723947,0.5191957358127242,0.4680962707938743,0.4756170244413967,276396419.22299653,1389019538.1567943
2024-07-17,2024-07-18,0.5231303282495726,0.5350533699885612,0.5066636088721849,0.5089366581461505,312805400.4250871,1464207820.6271777
2024-07-16,2024-07-17,0.530999278157132,0.5336885124067915,0.4967883034039478,0.5247292895087995,426076129.0243902,1452869197.6864111
2024-07-15,2024-07-16,0.48961434917093244,0.5290207409409687,0.4863510451092401,0.5279837273329732,320881292.8675958,1401917819.7770035
2024-07-14,2024-07-15,0.48248116401710023,0.5049426657803107,0.4764168004860129,0.49111563455044,262498028.9303136,1360719020
2024-07-13,2024-07-14,0.468629549585556,0.4903247561235684,0.464145011561138,0.4841459940348987,269821354.3867596,1338059124.8083625
2024-07-12,2024-07-13,0.4608595939449685,0.47843458399682126,0.45141735296987096,0.46934250148596696,309605970.71777004,1303510704.9198606
2024-07-11,2024-07-12,0.4685071914917104,0.49135408927006424,0.45755634451716043,0.4621245088583226,284061789.04195803,1319252374.1818182
2024-07-10,2024-07-11,0.4582311763618049,0.4928741798717365,0.4539399568706834,0.46975136596280137,421424077.75958186,1320517130.979094
2024-07-09,2024-07-10,0.42976621147015603,0.46165551709991864,0.4280957812631381,0.45550095630157933,319790734.8954704,1241817005.4843206
2024-07-08,2024-07-09,0.4153571819969355,0.45223147411803394,0.397127523199975,0.43103406068576566,420925119.85365856,1208150333.9303136
2024-07-07,2024-07-08,0.450521017125281,0.45355887048846244,0.41296166538330065,0.4145481441345942,280072455.39721256,1219497967.56446
2024-07-06,2024-07-07,0.4236707951290254,0.46283601295246973,0.4185836006455734,0.45416873113588574,363312445.70383275,1233096740.327526
2024-07-05,2024-07-06,0.431566884754353,0.43312473901313076,0.3832971012214151,0.42335637902235124,592597736.163763,1164541766.620209
2024-07-04,2024-07-05,0.49982902663886536,0.5075392983354553,0.4417258188461741,0.4420641210176614,410635193.19860625,1332168004.0662022
2024-07-03,2024-07-04,0.5871642047977799,0.5877688982375677,0.49853928743325865,0.5006115087837575,248991350.2195122,1508126130.1498258
2024-07-02,2024-07-03,0.5803623753725796,0.5950089885178796,0.5769136315146745,0.5872837451569397,203114946.04529616,1641275067.5052264
2024-07-01,2024-07-02,0.5913423160959015,0.6090996945969924,0.579141804922918,0.5813204598421561,273654136.5052265,1656837586.1567943
2024-06-30,2024-07-01,0.5418830451579587,0.5929553662642968,0.5365186013234353,0.5894268664484037,148083657.65853658,1558420220.6655052
2024-06-29,2024-06-30,0.5406218158128249,0.5489574776859677,0.5388419516821663,0.5409684454037034,185548460.17770034,1526677674.641115
2024-06-28,2024-06-29,0.5640710394062856,0.5711926732203524,0.5381339920008392,0.5405357060117176,249057137.48083624,1565972342.5958188
2024-06-27,2024-06-28,0.5732811148849423,0.5906470875756027,0.5639684652892183,0.5648680071605052,250354977.03832752,1604299436.0766551
2024-06-26,2024-06-27,0.5937700149989744,0.5978900332457933,0.5624386864293416,0.571946612352061,310939186.4355401,1619146460.1080139
2024-06-25,2024-06-26,0.6161813275783521,0.6246067008883981,0.5923830854293196,0.5952098740201324,660965607.8780488,1691116011.4912891
2024-06-24,2024-06-25,0.5908723772400276,0.6184446160817997,0.5435372902880475,0.6184446160817997,589260937.4041812,1628644400.4599304
2024-06-23,2024-06-24,0.5745095923840544,0.5978274280112553,0.5595088572848362,0.5917840490731799,246204570.1881533,1625691142.620209
2024-06-22,2024-06-23,0.5769336206724938,0.5914536885711803,0.559595288001427,0.5756962942386603,334494467.63763064,1609581833.512195
2024-06-21,2024-06-22,0.549522582946818,0.5888167304896815,0.5437143174863722,0.5732298107174165,431029620.5749129,1604580842.4494774
2024-06-20,2024-06-21,0.5337018865635162,0.5828463223750179,0.532938882685939,0.5468454982397286,442017637.9616725,1560688994.0243902
2024-06-19,2024-06-20,0.5347793666009669,0.567470227917144,0.5283404732639185,0.5383255440519438,611540606.9860628,1535450521.554007
2024-06-18,2024-06-19,0.5688034282771476,0.5688034282771476,0.4773513406316893,0.5352333612401385,584486949.8641115,1425371885.7247386
2024-06-17,2024-06-18,0.6434532971181479,0.646922569880085,0.568543554919378,0.5710749482202959,244577590.90243903,1704137073.794425
2024-06-16,2024-06-17,0.6235940470566155,0.6466354604941796,0.6127037533451197,0.6414951119460918,135049163.75609756,1756434085.662021
2024-06-15,2024-06-16,0.6193998939782512,0.636920992847459,0.6193998939782512,0.6244396560175346,238468960.80487806,1764239327.783972
2024-06-14,2024-06-15,0.6435446277778766,0.6544801271047248,0.607613307074468,0.6177110061676231,261139780.84320557,1783403138.7247386
2024-06-13,2024-06-14,0.6743224805985464,0.6758291898392884,0.6314749088155822,0.6392186012856637,334331493.4738676,1823159981.1254356
2024-06-12,2024-06-13,0.633311307770192,0.6950192074015422,0.616661425702084,0.6769033050851996,364652227.0696864,1855667808.0592334
2024-06-11,2024-06-12,0.6778216866767591,0.6791259574436528,0.6250000496429883,0.6331705447537337,311359018.2055749,1824094697.2404182
2024-06-10,2024-06-11,0.6943479697748134,0.6989188803868355,0.6697853258375206,0.6768041822099464,183715810.16027874,1919641841.8710802
2024-06-09,2024-06-10,0.6893558195045402,0.7025186583241685,0.681229725705729,0.6967682422670971,217903829.51567945,1938844763.0696864
2024-06-08,2024-06-09,0.7198401927662684,0.7287577753711719,0.6851830030517123,0.6910926814441944,451265883.25087106,1987018964.3205576
2024-06-07,2024-06-08,0.8046998759018641,0.8191310006888609,0.6845904359501096,0.7222358593914442,317502363.8292683,2200875935.8083625
2024-06-06,2024-06-07,0.8280959286349732,0.8363961239329429,0.7951394529046305,0.806763694034365,277900450.1080139,2288924125.261324
2024-06-05,2024-06-06,0.8423690585278508,0.8540237646635466,0.8269361692480828,0.8288336474175164,345827007.80836236,2352534268.9094076
2024-06-04,2024-06-05,0.8068144405678701,0.8464908068544068,0.8023290584388152,0.8372936752718944,359854306.20905924,2314508376.4843206
2024-06-03,2024-06-04,0.7694505643891025,0.8248448693658104,0.7628933599749924,0.8050105039031129,351123949.3554007,2261499807.8432055
2024-06-02,2024-06-03,0.7889756169469145,0.8012447246577746,0.766188729003411,0.7713502575806558,166870676.77003485,2203993650.195122
2024-06-01,2024-06-02,0.7931898739423467,0.7977666087481825,0.7766242393741999,0.7876975111157822,223304806.92334494,2203825823.5400696
2024-05-31,2024-06-01,0.7811751442910012,0.8043100503847601,0.7658919797625175,0.7944937443400972,326448839.27526134,2199504241.9686413
2024-05-30,2024-05-31,0.8050033727229685,0.8170033832302734,0.7739503109549704,0.7831262792859455,331786126.92334497,2230490925.8954706
2024-05-29,2024-05-30,0.8315221650589621,0.8427059404963658,0.800072265921237,0.8033531972558174,382585037.0174216,2296338640.9094076
2024-05-28,2024-05-29,0.822150618849347,0.8334508462824493,0.790699133674391,0.828626051167035,393389013.31707317,2284557374.1916375
2024-05-27,2024-05-28,0.8183642494609389,0.8497988505694786,0.8075625807819445,0.8235164504922066,269979496.5923345,2316001059.6376305
2024-05-26,2024-05-27,0.8244780942988452,0.8276519588908571,0.8033544792282721,0.8207039682520078,246307269.7491289,2279641166.5191636
2024-05-25,2024-05-26,0.80293937953213,0.8363596631212681,0.8002818668823838,0.8234914725743451,307249979.3240418,2288532439.839721
2024-05-24,2024-05-25,0.8194789151870169,0.827930315642243,0.7913966003585229,0.8036813643004143,535155962.9547038,2269385904.3519163
2024-05-23,2024-05-24,0.8446053049594798,0.8583959189289886,0.7803145375681712,0.8217950169915333,443200810.73519164,2321269798.6480837
2024-05-22,2024-05-23,0.8753248431157264,0.8792525190127419,0.8359145814604029,0.8428934256020753,520330305.74912894,2400834560.818815
2024-05-21,2024-05-22,0.9193529216783362,0.9293872285545399,0.8705899877190258,0.8746516490524225,965435578.8292683,2522024449.2578397
2024-05-20,2024-05-21,0.8486473651528346,0.9622934340527717,0.8400806981254291,0.921742828852616,780087524.3240418,2494815568.3414636
2024-05-19,2024-05-20,0.8883501295613622,0.9165679523938253,0.8402985957845135,0.8466932887486827,889307729.010453,2451785603.041812
2024-05-18,2024-05-19,0.7877429308721982,0.8983532362650258,0.7877429308721982,0.8897086261089447,1013772696.6271777,2419461355.0034842
2024-05-17,2024-05-18,0.8012630376125155,0.8416964842623383,0.7884611916914508,0.8005939914443435,1016622146.0905924,2261673344.69338
2024-05-16,2024-05-17,0.7655789526254568,0.8302188184858147,0.7567479469854189,0.7996492893723295,1002241642.7595819,2231168030.6794424
2024-05-15,2024-05-16,0.6439674715024275,0.768341907284873,0.6390129456345749,0.7573684897359777,326961493.9512195,1909297085.836237
2024-05-14,2024-05-15,0.6713894541615412,0.6801444750516055,0.6403029586976406,0.642269768568849,291782068.8954704,1850281211.783972
2024-05-13,2024-05-14,0.7018259722366239,0.7061224236944516,0.6589732981159898,0.6723646917902386,323669770.4111498,1913004791.1916375
2024-05-12,2024-05-13,0.7127217027243006,0.729921000809274,0.7019070688280421,0.702675906911225,294138213.37979096,1998325986.56446
2024-05-11,2024-05-12,0.7188943286012011,0.7351719927179421,0.7003783773417068,0.7096720813482501,442762831.75261325,2013167562.4808362
2024-05-10,2024-05-11,0.7181031981860817,0.7399042176136874,0.6975037485209366,0.7183545215195143,339832581.34843206,2023017239.3135889
2024-05-09,2024-05-10,0.6631165101017065,0.7191567493033234,0.6538130679597514,0.7174853552073707,238463354.7665505,1901375596.8954704
2024-05-08,2024-05-09,0.6754896671850075,0.679529456560298,0.6561244532387662,0.6633588747927495,250635780.12195122,1874657945.2682927
2024-05-07,2024-05-08,0.6998525040772757,0.7110543690947942,0.6755149248610838,0.6757211301376344,342490852.9790941,1954522059.5365853
2024-05-06,2024-05-07,0.7135804189920866,0.7492034746878485,0.6968850258201652,0.6968850258201652,322916600.5923345,2008800978.867596
2024-05-05,2024-05-06,0.693214845579362,0.7235071390135163,0.677234175217088,0.7133838530484501,206445613.34494773,1950862811.8327527
2024-05-04,2024-05-05,0.7028517841625284,0.7136607661555631,0.6909640508648992,0.6936325651970824,246124202.42857143,1959288396.8013937
2024-05-03,2024-05-04,0.6774858854501686,0.7068673401318056,0.6633920596278808,0.7020853904184897,267482009.33449477,1920613902.097561
2024-05-02,2024-05-03,0.6754364245579491,0.6869769535498347,0.6580866285109714,0.6779383553825646,384492457.5261324,1886008980.682927
2024-05-01,2024-05-02,0.6427476174115266,0.6868891135178669,0.6142339500100148,0.6738982153815531,476329239.4111498,1819635527.3554008
2024-04-30,2024-05-01,0.7156111335641646,0.7256321092590804,0.6372735003159335,0.6451674250501441,389761928.8466899,1894523097.3972125
2024-04-29,2024-04-30,0.7116130839334773,0.7256683911468843,0.7008631774014179,0.7158437052047989,307685688.60278744,1998979783.989547
2024-04-28,2024-04-29,0.7172992635836799,0.7306743111340874,0.7069928054806753,0.7090959434724234,307895704.0139373,2018399727.6864111
2024-04-27,2024-04-28,0.7226974613847751,0.7327494153046046,0.6761309136357956,0.7182737053638065,384718814.70383275,1973664456.7735193
2024-04-26,2024-04-27,0.7615739498210705,0.7753815764177434,0.7185264156017802,0.7201260462673,569700164.5052265,2076689761.205575
2024-04-25,2024-04-26,0.7290451797628744,0.7857896263834421,0.7116331699417278,0.7562961556101342,520453000.5261324,2079986352.0662022
2024-04-24,2024-04-25,0.7321673826441072,0.7679069329365887,0.7120540729083906,0.7277733993563787,389483152.184669,2078851619.0034842
2024-04-23,2024-04-24,0.7582280148791817,0.7725996531249625,0.7251698426801693,0.7297330026680381,377099511.5400697,2099207680.4006968
2024-04-22,2024-04-23,0.7508229964673339,0.7920841744731576,0.7415994792076979,0.7592365344160323,382388929.9303136,2152224575.5470386
2024-04-21,2024-04-22,0.7572206882855533,0.7891306728273663,0.7400170818299856,0.7470736831204318,379529740.5296167,2124299146.261324
2024-04-20,2024-04-21,0.6933497697142179,0.764438278366097,0.678834027550177,0.763004473174225,405545598.6759582,2008621644.968641
2024-04-19,2024-04-20,0.6832953121051387,0.7177156996051667,0.6189480444769933,0.6942810733569971,588286695.2587413,1940571925.7167833
2024-04-18,2024-04-19,0.6775941875446516,0.6979258086450238,0.6445578797368345,0.6854215915703976,594723527.770318,1890681284.869258
2024-04-17,2024-04-18,0.6940536162543965,0.7108293587276234,0.6544489805522202,0.6746605236277062,617114225.0278746,1898815771.804878
2024-04-16,2024-04-17,0.6451763653713313,0.6969414044896488,0.6302853529464633,0.6936119695016666,722460869.2996516,1866212686.794425
2024-04-15,2024-04-16,0.7062226037014455,0.7430630960428452,0.6268169553576047,0.6476552489531106,779354136.3972125,1932721055.2543554
2024-04-14,2024-04-15,0.6708441925851952,0.718162070941335,0.632119258815256,0.7103219535477597,1373945134.9651568,1901299925.031359
2024-04-13,2024-04-14,0.7399885483490329,0.7548714337637608,0.5643782539845472,0.6700761042025902,1074314887.794425,2007679434.9372823
2024-04-12,2024-04-13,0.9168765673753299,0.9446480854503727,0.7078433043745315,0.742713168359306,633382863.6620209,2437504037.9477353
2024-04-11,2024-04-12,0.9847981007429962,1.004235564484389,0.8954946264110955,0.9191133563179943,939101556.4146341,2650903226.121951
2024-04-10,2024-04-11,1.0151783941001609,1.0439466063303882,0.959949625000183,0.9879760271448761,1691318463.5,2766344935.5454545
2024-04-09,2024-04-10,0.9338451799186978,1.0372671265851527,0.919962789438808,1.0208979854215512,958790261.3519164,2721979394.1707315
2024-04-08,2024-04-09,0.8641489461063729,0.9439968928296707,0.8500339760052769,0.9345732007446304,642306616.6585366,2549199772.3135886
2024-04-07,2024-04-08,0.8459715506454579,0.9148615544564997,0.8397313095078078,0.8705810043584045,511263734.9547038,2451438913.891986
2024-04-06,2024-04-07,0.7961977815819893,0.8553794057140824,0.7961977815819893,0.8490624515451118,405204395.5818815,2321493624.0696864
2024-04-05,2024-04-06,0.8517862857914607,0.8562903620577842,0.7744581337463117,0.800754532384074,475529131.09407663,2268642694.965157
2024-04-04,2024-04-05,0.819269594923654,0.8911289628792343,0.8111330312834354,0.8564262385754116,439764979.2385965,2377512605.017544
2024-04-03,2024-04-04,0.8587716824526042,0.8952051240871146,0.8136407306498535,0.8212293122686583,571978097.6515679,2404548491.9268293
2024-04-02,2024-04-03,0.9468833740226833,0.9468833740226833,0.8639418462374456,0.8655188275643266,722751672.9198606,2511762077.508711
2024-04-01,2024-04-02,1.000414546682056,1.0007106502120506,0.9037020443330159,0.9508367827564401,675529247.0139372,2657106487.543554
2024-03-31,2024-04-01,0.9381730578670323,1.020329713870041,0.9366334072593199,1.0042234434850368,544513791.1811846,2749508741.8432055
2024-03-30,2024-03-31,0.9803141568735741,0.9950565382466163,0.9351215220326258,0.9419101414687572,532425589.16027874,2684533654.815331
2024-03-29,2024-03-30,1.0154713231155208,1.0211598192655942,0.9557804598245762,0.9828500193509572,570076425.6853147,2775467526.576923
2024-03-28,2024-03-29,1.0004341155704908,1.0347526885913811,0.9947894202239876,1.0205818674493197,735384215.0419581,2842113751.013986
2024-03-27,2024-03-28,1.0661264551339376,1.0955591162147016,0.9964423562435027,1.0019600879441435,949774438.5574913,2944207189.512195
2024-03-26,2024-03-27,1.1266916280119084,1.153483995140319,1.0578802838493242,1.067190642046387,1272206901.84669,3106718968.8850174
2024-03-25,2024-03-26,1.0623944335687738,1.2182319493839915,1.0551495144531395,1.1287483977561974,1037735242.815331,3137203412.2160277
2024-03-24,2024-03-25,1.0405885302253248,1.0921422104254965,1.0324492287660936,1.066046510317022,756838121.9512196,2957026705.651568
2024-03-23,2024-03-24,1.1358085303307972,1.1358085303307972,1.0424350743320538,1.0424350743320538,1514240806.7979095,3052937849.0139375
2024-03-22,2024-03-23,1.092117843694256,1.2195716866787887,1.063309051633514,1.1393330530864596,1976098656.5594406,3197387635.79021
2024-03-21,2024-03-22,1.110397068199181,1.1478143548150885,1.0328205879063896,1.1155805394364329,2144517832.2229965,3021317562.8501744
2024-03-20,2024-03-21,1.012128376670503,1.140930558035454,0.9023741293812299,1.1235899772478273,2971331667.898955,2775259422.7874565
2024-03-19,2024-03-20,0.9310904688916799,1.0742154666930683,0.8034842890838464,1.0285155443478524,2506888552.7247386,2610828829.8885016
2024-03-18,2024-03-19,0.8513201977343529,0.9485974315350982,0.8148601560592357,0.9262000764295383,1127570780.5296168,2440247228.8850174
2024-03-17,2024-03-18,0.7987625984823178,0.911698636317851,0.7632919324822748,0.856806206963733,1357042368.3449478,2363813013.3379793
2024-03-16,2024-03-17,0.8724959908524491,0.9795600400940239,0.7854563619155611,0.7949447875976388,1459096428.3310103,2489531262.7770033
2024-03-15,2024-03-16,0.8330737489466573,0.8686604573864205,0.7288397227623092,0.8686604573864205,977585471.3671329,2203835256.8356643
2024-03-14,2024-03-15,0.8928363969929738,0.90018659453554,0.7880220326895498,0.827134962626604,1009951960.6864111,2398072565.4529614
2024-03-13,2024-03-14,0.8309492034385139,0.9100993820503457,0.8058389520886166,0.8925260284710116,788830509.6062717,2354693964.543554
2024-03-12,2024-03-13,0.8172907830214058,0.8285482365632137,0.7649413469837532,0.8269677533192341,677696789.5818815,2239199870.1707315
2024-03-11,2024-03-12,0.7546456193152548,0.8557933300619602,0.7342799437270522,0.8180715353561668,701521091.923345,2239274459.303136
2024-03-10,2024-03-11,0.7907085387239081,0.8136668664350425,0.7448547041299514,0.7533340629347048,493567200.4111498,2188669545.902439
2024-03-09,2024-03-10,0.8140071637868083,0.8368678993033725,0.7932669718543104,0.7949428196433663,709637206.6236933,2269281894.1463413
2024-03-08,2024-03-09,0.8521073052626689,0.8521073052626689,0.7837751555248922,0.8226567868273345,1130179207.5505226,2271498714.2996516
2024-03-07,2024-03-08,0.7111296384732412,0.8520570595489374,0.7071519435559068,0.8330675426650572,1287659074.6933799,2206556343.1916375
2024-03-06,2024-03-07,0.6381571205928285,0.7250892613640252,0.6165424564140853,0.7018415241925472,1380427611.8327527,1896749831.7700348
2024-03-05,2024-03-06,0.6352114103958788,0.7218311336348033,0.5829629449069078,0.6302271945710591,1331254885.8105264,1833875406.414035
2024-03-04,2024-03-05,0.6957782151124797,0.7400589656287008,0.6165456508207605,0.64670407242232,1743383265.1010454,1869584684.1184669
2024-03-03,2024-03-04,0.5440534506836718,0.7033649210039971,0.4992242552938334,0.6972659883562554,540592944.2996516,1544448454.097561
2024-03-02,2024-03-03,0.49239652259355393,0.5400921887352217,0.49239652259355393,0.5400921887352217,409642087.4529617,1456646875.0487804
2024-03-01,2024-03-02,0.46120815896183676,0.5059411064536737,0.46107310489799286,0.4893136557543896,392391458.5958188,1354257936.8292682
2024-02-29,2024-03-01,0.47701139031562856,0.4912176606033768,0.45329259804396177,0.46351597300977626,551746359.4808363,1342046444.9860628
2024-02-28,2024-02-29,0.4474955325506767,0.4955110854727683,0.4412208841170979,0.47510654366500416,389427592.9756098,1305762055.1602788
2024-02-27,2024-02-28,0.4354274266396634,0.45528197691489836,0.43179257890832595,0.4470592326776037,313031324.25783974,1250858714.0069687
2024-02-26,2024-02-27,0.41767625414454884,0.436451982840119,0.4116312949891639,0.43432901407049757,193423452.16027874,1190231889.2404182
2024-02-25,2024-02-26,0.42225067888467444,0.4242128959864849,0.4120034301338146,0.41832596520992005,172739922.27874565,1171498519.989547
2024-02-24,2024-02-25,0.3963338760430129,0.4231828102780828,0.38791832351487526,0.42073257727682756,205873155.07317072,1146635188.327526
2024-02-23,2024-02-24,0.40255195409643263,0.40665467051717485,0.3869166357835323,0.39709605864394565,187280299.33449477,1117985514.010453
2024-02-22,2024-02-23,0.404021091922972,0.4208305861440173,0.3935034764915813,0.40346039722855004,208148687.1533101,1146957863.487805
2024-02-21,2024-02-22,0.4241602852967077,0.4241602852967077,0.39122352778668656,0.4057149245612762,257940165.9477352,1131364910.2299652
2024-02-20,2024-02-21,0.4326755885556691,0.43890447794498094,0.40332476838898285,0.42475029581990814,261460500.87108013,1188743361.1672473
2024-02-19,2024-02-20,0.4240136570421968,0.4397959274791995,0.4240136570421968,0.4317856963749383,236541138.38675958,1209122796.3135889
2024-02-18,2024-02-19,0.40040708117543833,0.42489866367621193,0.39709144901984156,0.42160564814828916,158567373.2752613,1147974639.7665505
2024-02-17,2024-02-18,0.4083222935913639,0.4105946174169038,0.38775910883131826,0.40087284379160093,174475874.87804878,1122061382.8885016
2024-02-16,2024-02-17,0.41693373754410223,0.42438218340858813,0.4012147794055605,0.4082568508962151,216672774.7491289,1158502062.9442508
2024-02-15,2024-02-16,0.41355749251739804,0.4198173380696912,0.40362944882564955,0.41600647507893945,211217896.85714287,1156330550.6236935
2024-02-14,2024-02-15,0.39462687150287457,0.4177595949611582,0.3926577347634574,0.4112114232180854,193931502.3728223,1143493656.9372823
2024-02-13,2024-02-14,0.4026926695786543,0.40364024369871965,0.3848611817806876,0.39550590488184667,199373063.63414633,1111214660.4947736
2024-02-12,2024-02-13,0.38652850377851894,0.4054952617991035,0.3755004040969177,0.40244924620496697,161707600.57142857,1088979794.9930313
2024-02-11,2024-02-12,0.3995652729295223,0.40082268149692474,0.3855429220363445,0.38713926369007917,140623205.7456446,1105923262.2439024
2024-02-10,2024-02-11,0.3986533238119451,0.40371644225617576,0.3871719291054977,0.3977508439070666,183332693.59581882,1106090023.9547038
2024-02-09,2024-02-10,0.3765460845727951,0.4036182645834538,0.37535463245529144,0.3968304541794093,170209399.59581882,1090448060.1498258
2024-02-08,2024-02-09,0.36896414359415525,0.3768491719404424,0.367374753185545,0.37546422747831154,138084048.60627177,1042311103.0801394
2024-02-07,2024-02-08,0.35669757777914224,0.3683329121082797,0.3501607909521264,0.367311028979981,130422631.60627177,1005457661.1707317
2024-02-06,2024-02-07,0.3586487227490933,0.36337921318046384,0.3545734320227602,0.35693309287439073,140264272.09059232,1006719796.6271777
2024-02-05,2024-02-06,0.3482359430074987,0.36386117705621995,0.34313371733257814,0.3593653936793367,139446129.3554007,998724496.2926829
2024-02-04,2024-02-05,0.3558857504155777,0.3596472924386535,0.34575786307079154,0.34905038220884527,110084646.03832753,987617917.979094
2024-02-03,2024-02-04,0.3611466828396102,0.3659361438878433,0.3554683615589217,0.35609092031038125,123957604.8815331,1009709149.0522648
2024-02-02,2024-02-03,0.3546140584708657,0.36513395624601147,0.3546140584708657,0.36093452814692667,151383019.07317072,1009208964.543554
2024-02-01,2024-02-02,0.3530492091783239,0.3557427246400912,0.3438952479671995,0.3552231238735657,192404280.87804878,980260736.4459931
2024-01-31,2024-02-01,0.37376209635778895,0.37376209635778895,0.34954686477825225,0.35254497428398257,204270334.13240418,1019054969.6550523
2024-01-30,2024-01-31,0.3835492835494443,0.3936772858664362,0.3742704535631325,0.3745294312196863,181972469.80836236,1078128931.7038329
2024-01-29,2024-01-30,0.37392035993102596,0.391817802213277,0.3732887043031336,0.3850045330626489,188865209.51916376,1075029823.4425087
2024-01-28,2024-01-29,0.37534631403296703,0.3949564709337227,0.3695327453107844,0.37544187979652943,197413545.92334494,1072199302.4634147
2024-01-27,2024-01-28,0.36258194070542726,0.3757844247112386,0.36159175327993676,0.3732654513363451,177511932.4947735,1031086154.6829268
2024-01-26,2024-01-27,0.3346864547122193,0.3668027250314326,0.33225529021366024,0.3628353203074489,151949722.5749129,978555818.8885018
2024-01-25,2024-01-26,0.3407890340773856,0.3428049742451653,0.32844157130185314,0.3355373627540224,157566761.12891987,944030953.2508711
2024-01-24,2024-01-25,0.3289965585691568,0.34513022337701105,0.3251870060724977,0.34207063597478127,242057213.80836236,942474834.6724739
2024-01-23,2024-01-24,0.33889646742613244,0.3451955577157479,0.30895680584689367,0.32849517008824153,212451634.49825785,917862684.0696864
2024-01-22,2024-01-23,0.36412333484976656,0.3666144405534005,0.33799333542042836,0.33812329392502655,145606532.10452962,986427839.5191637
2024-01-21,2024-01-22,0.3708255400865627,0.3772774130911826,0.36286316918849876,0.36286316918849876,112050920.37630662,1041880563.9372822
2024-01-20,2024-01-21,0.36095558101209096,0.3729037921661096,0.35635090050166646,0.3708412046900125,176260612.6794425,1027169769.4111499
2024-01-19,2024-01-20,0.37037812081093974,0.37067985036129836,0.34536780660733296,0.362521407587619,230562620.55052266,1018730926.3066202
2024-01-18,2024-01-19,0.39960102537307673,0.4015697470815464,0.36652533529518266,0.3699095480417436,204006245.97560975,1088154372.609756
2024-01-17,2024-01-18,0.4173842449171504,0.41957721458859215,0.39509316026188934,0.3988872645005866,243984938.79094076,1136622065.7421603
2024-01-16,2024-01-17,0.3885060640007608,0.4230746649534009,0.3871355592976702,0.4154281816147724,212327665.07665506,1128071556.6341465
2024-01-15,2024-01-16,0.3829181323704545,0.4006265614752291,0.3812516130088872,0.3882950167839739,176258969.14285713,1100200698.5261323
2024-01-14,2024-01-15,0.39716396192535147,0.40321195912445773,0.38099710807651577,0.38099710807651577,144365647.12543553,1103447109.912892
2024-01-13,2024-01-14,0.39135501812757767,0.4000785128920145,0.379866782648197,0.3966829200363227,253877007.4878049,1102569265.7804878
2024-01-12,2024-01-13,0.4237473041599688,0.4299502442539613,0.3817451148975665,0.3919170290389849,279575620.9965157,1162035613.1149826
2024-01-11,2024-01-12,0.42445038849211164,0.4447907635643876,0.419455817794938,0.42318610550001434,366269715.1358885,1202227308.0557492
2024-01-10,2024-01-11,0.37504256083423787,0.4379004124388462,0.3702968949720721,0.42411919017808564,278323292.5017422,1086897357.1149826
2024-01-09,2024-01-10,0.40200066035452486,0.40505582512803096,0.36148574497509955,0.37537211261341163,257633126.53310105,1079399257.3344948
2024-01-08,2024-01-09,0.3810175355004067,0.40560002876512574,0.35173155185791577,0.40219170904580037,282404770.8327526,1062090421.7560976
2024-01-07,2024-01-08,0.39930924843745963,0.40977195627192914,0.37660176008869695,0.38050777350076803,172826158.5121951,1120218460.5749128
2024-01-06,2024-01-07,0.4217629996671555,0.4217629996671555,0.39081576768148335,0.4004357503110982,230468432.9825784,1130769741.5818815
2024-01-05,2024-01-06,0.44872556952534176,0.45412291740853306,0.4079114144435534,0.42289803139400783,294501013.4808362,1195021723.390244
2024-01-04,2024-01-05,0.4315763927109146,0.4581593940601353,0.4235529418972846,0.4507676272262044,387643551.0662021,1230934167.6550522
2024-01-03,2024-01-04,0.48882198967542784,0.49906904778189326,0.4075128631212478,0.4315861848106051,374125590.9721254,1298734356.8432057
2024-01-02,2024-01-03,0.5037679859088527,0.5203031990252759,0.48342363079849465,0.48819572731900024,307297667.271777,1404086094.9163764
2024-01-01,2024-01-02,0.47876262456218477,0.5090348886947731,0.46801615108963257,0.5040773478564149,281860620.9512195,1379919468.8536584
2023-12-31,2024-01-01,0.46662393901445637,0.49044973146354115,0.46186152744201336,0.4739104976787606,198565057.08710802,1337724921.477352
2023-12-30,2023-12-31,0.4762959934656784,0.4806565889850647,0.4584898395299343,0.4666806579281039,266291535.3902439,1317790900.1881533
2023-12-29,2023-12-30,0.48195409969504616,0.5060148237733668,0.4688817045196506,0.4759486812567425,350486353.7979094,1369116402.9303136
2023-12-28,2023-12-29,0.5078925769415245,0.5203095716323087,0.4720233893951751,0.4817331244082518,407661750.33449477,1379136727.9512196
2023-12-27,2023-12-28,0.542170270816853,0.5432602774895903,0.49792989562185924,0.5065550798690704,500507686.65156794,1444103202.8710802
2023-12-26,2023-12-27,0.5586866322974241,0.5671730763415012,0.4950302879068197,0.538510402451244,544582908.4146341,1509880164.7630663
2023-12-25,2023-12-26,0.5326477692616738,0.5642034242076616,0.518928994964757,0.5584579629035717,602795737.4912893,1520578388.5714285
2023-12-24,2023-12-25,0.5154703775114516,0.5457756367934086,0.5008047491991776,0.529303871940567,554287814.261324,1467713486.3623693
2023-12-23,2023-12-24,0.4870043071968902,0.5267087098824246,0.47885936183342964,0.5148918116088798,444107260.912892,1401919662.6585367
2023-12-22,2023-12-23,0.48973599843158483,0.5169148390706734,0.47448042843743327,0.49175019228801375,736403531.4773519,1375875312.4808362
2023-12-21,2023-12-22,0.4498202721171255,0.49790166773100836,0.43678719733152044,0.4891283053199248,640920435.7247387,1303576992.2508712
2023-12-20,2023-12-21,0.3990725046064811,0.45560948896316694,0.3920536719592761,0.4487058825547876,390661945.3205575,1192183176.6968641
2023-12-19,2023-12-20,0.41142347246618655,0.4201955592281542,0.39344327384373007,0.3988795520212023,375400239.1010453,1146492633.662021
2023-12-18,2023-12-19,0.3959400522220057,0.41844732942624097,0.3768386777969838,0.4134404493772597,377539664.9477352,1122859355.3031359
2023-12-17,2023-12-18,0.42042137296277,0.426720525673966,0.3940111952731189,0.3943569582696671,358771868.5993031,1160247674.379791
2023-12-16,2023-12-17,0.4246312665567788,0.44253770609806675,0.4117304533116808,0.4165740824028501,478843080.6271777,1186252950.9477353
2023-12-15,2023-12-16,0.4383329962062818,0.45770110285352106,0.41626324504819257,0.4237805527852589,595670140.5923345,1206214512.2299652
2023-12-14,2023-12-15,0.3919830891649463,0.4462260286454712,0.3910717841964928,0.4402333350289769,514038969.4320558,1162780964.9860628
2023-12-13,2023-12-14,0.3946808858415146,0.3962355755775197,0.36140623527358273,0.3923340469470304,490200227.7902098,1055528103.4055943
2023-12-12,2023-12-13,0.3648443157743526,0.40937527880701996,0.3639878091767402,0.3940582847998713,450643236.92334497,1080581462.1114984
2023-12-11,2023-12-12,0.4048940026163404,0.4073651638517726,0.350712618472612,0.3639186343669842,425825110.07042253,1035635615.2640845
2023-12-10,2023-12-11,0.39911409795365244,0.4163341775685293,0.39018447640857135,0.40463874767916913,486546329.5261324,1126711477.9337978
2023-12-09,2023-12-10,0.37015531863378043,0.4288504797437055,0.37015531863378043,0.39892695864617245,532774264.6620209,1132693663.533101
2023-12-08,2023-12-09,0.34437258472109133,0.3707576635828328,0.3421883950885436,0.3684659234720012,293284878.18118465,1001753331.6898955
2023-12-07,2023-12-08,0.33625640571719895,0.3481902004821155,0.32582028541123453,0.34310255939726936,289396272.9477352,945287391.020906
2023-12-06,2023-12-07,0.3363256335229772,0.34652157711112364,0.32630018826318447,0.33529302796139143,334824973.8675958,943350841.9163764
2023-12-05,2023-12-06,0.3262087173692629,0.3376685083006933,0.31457125981991,0.333434679924203,326438535.22996515,908286439.6620209
2023-12-04,2023-12-05,0.3157444921329457,0.3280981059968205,0.3027724331457425,0.32676250628849823,265376416.41463414,884385023.7700348
2023-12-03,2023-12-04,0.3232564141671755,0.3263177971377061,0.31072126455509147,0.31590698676400414,186832866.5296167,891258303.7108014
2023-12-02,2023-12-03,0.31610825340260684,0.3293593191946877,0.3152410520470015,0.32355419171483374,181094333.08710802,902469772.2090592
2023-12-01,2023-12-02,0.3032632359467895,0.31864830527935256,0.2995289493122496,0.3148396600718009,163786347.51748252,875758340.6328671
2023-11-30,2023-12-01,0.30095401276051864,0.30503037048022413,0.29764501229797974,0.30377826921359474,185091112.1527778,845107661.34375
2023-11-29,2023-11-30,0.3174280832062671,0.32086513564223224,0.2995237785310006,0.3006383989569639,237706793.9861111,869192173.0416666
2023-11-28,2023-11-29,0.2963527590556755,0.3206978405719917,0.2870779826530418,0.31684116476640023,165039302.1388889,840811683.2604166
2023-11-27,2023-11-28,0.30952604806832107,0.3129402133650435,0.2909616192043364,0.2968022280347886,169592964.0522648,841207647.8013937
2023-11-26,2023-11-27,0.3184082875446182,0.3220356995295137,0.3052249068789646,0.3102131551100552,163869478.61754385,881760346.1754386
2023-11-25,2023-11-26,0.3007129475750591,0.32255699301860824,0.3007129475750591,0.31792866777461315,199072664.7804878,886801801.6620209
2023-11-24,2023-11-25,0.2977928885719047,0.3079159726022482,0.29669928856251776,0.30195974301826967,152970987.7979094,848031965.0278746
2023-11-23,2023-11-24,0.29854466908661687,0.305269171459174,0.2946752726983413,0.2973391597383529,183311894.31010452,839041654.5400697
2023-11-22,2023-11-23,0.2848020324134871,0.30320067833622116,0.2844349513208406,0.2979945844514673,268248776.19860628,821596864.4146341
2023-11-21,2023-11-22,0.3112183623265967,0.31656443292087194,0.2818069126999945,0.2838098410317672,255738956.14285713,852443477.2961673
2023-11-20,2023-11-21,0.33345434177170813,0.3470132231662447,0.3114104939135794,0.3116106724235875,227758487.37979093,925878621.2543554
2023-11-19,2023-11-20,0.32484765274090893,0.33641966371854026,0.3158048596314144,0.33543298934063415,202606429.02787456,909615364.1149826
2023-11-18,2023-11-19,0.34057527651531466,0.34068652743230904,0.31107053856951095,0.326379454597172,298769328.3031359,908985142.9303136
2023-11-17,2023-11-18,0.34920922672027516,0.3611554535444515,0.3258289647828852,0.3408545623972286,546822467.5296167,965200042.7351916
2023-11-16,2023-11-17,0.3281336016960712,0.3764541875783993,0.32716992233686915,0.3501897918917076,525289792.9860627,998239545.6724739
2023-11-15,2023-11-16,0.3069844170745148,0.33414970243452763,0.3069844170745148,0.32890822822521104,326250988.9442509,903892030.3344948
2023-11-14,2023-11-15,0.30398826729597783,0.3186260911168451,0.29250127676870336,0.30550440277627167,310688504.5574913,862704287.4181185
2023-11-13,2023-11-14,0.33027320380272507,0.33730258491482884,0.3037468191339222,0.306218890467565,372166024.4320558,891028807.0522648
2023-11-12,2023-11-13,0.3128039271007538,0.34368717886333033,0.29748919864485873,0.33151863380305463,427010942.6480836,908765283.1289198
2023-11-11,2023-11-12,0.2843759333028763,0.3181463468545602,0.28372099288449026,0.3113389498147254,428008298.0243902,845590136.5644599
2023-11-10,2023-11-11,0.26120113217352764,0.28649248819753803,0.26120113217352764,0.2834017717041273,518093164.456446,757909245.3554007
2023-11-09,2023-11-10,0.2709792922587015,0.2865762650716842,0.250602051451013,0.26129892835862867,303775561.010453,760453641.1567944
2023-11-08,2023-11-09,0.26664053677873717,0.2811207420954813,0.2625133410411252,0.27176874459206235,204469159.29965156,757274176.8606272
2023-11-07,2023-11-08,0.2727667577379418,0.27397598851158855,0.25637923065605006,0.2673581023021287,203855828.0139373,748219927.5365853
2023-11-06,2023-11-07,0.26427917941963214,0.27719935787292466,0.2613063428357827,0.2745361775698865,231723178.53658536,755374183.5017421
2023-11-05,2023-11-06,0.25266367087250036,0.27509679989289676,0.25080016597760424,0.2642470952105926,192709762.57142857,736968663.2961673
2023-11-04,2023-11-05,0.24480649876280747,0.2536699403971605,0.2438364638971116,0.2518554741484063,130312607.0174216,697111083.2682927
2023-11-03,2023-11-04,0.24062414492113868,0.24621969339575112,0.2327007828988582,0.24560974703067256,196853325.59581882,673771908.6480836
2023-11-02,2023-11-03,0.2574779642685391,0.2608062431888485,0.23796307589413246,0.24148512092285143,310933978.0069686,699572362.5993031
2023-11-01,2023-11-02,0.24007524681518191,0.25757259854017645,0.23097782601925812,0.2568358201631583,241264369.1533101,674409345.6898955
2023-10-31,2023-11-01,0.24382053688157992,0.2533990289323311,0.2375579704108054,0.24148598065173146,187230110.6759582,681179213.8013937
2023-10-30,2023-10-31,0.24936365665676902,0.25046329249878174,0.23803709366338255,0.24527521455155854,197840549.7770035,685570472.6585366
2023-10-29,2023-10-30,0.23463928614635352,0.2505183365614589,0.23147685493366055,0.24826510622151646,145932205.06271777,669515364.1777004
2023-10-28,2023-10-29,0.22886757495386237,0.23742642370841882,0.22833056413227204,0.2353252004220973,182662134.01045296,652334236.9163764
2023-10-27,2023-10-28,0.2238272190585096,0.23229261431962092,0.218720177467685,0.22788072246725505,217727110.4773519,628647964.933798
2023-10-26,2023-10-27,0.22708090080558785,0.2420400516226553,0.2170805276837931,0.22400397400929545,261976439.00701755,638229642.1964912
2023-10-25,2023-10-26,0.22465443831817808,0.23533991537802948,0.2215155513372411,0.22736701487515348,284943806.728223,637823365.2439024
2023-10-24,2023-10-25,0.23252914245110562,0.23955893372120546,0.21932279097334978,0.22424598096947632,449150121.9477352,642120153.163763
2023-10-23,2023-10-24,0.20880068328786985,0.2312292929735831,0.20759734437408775,0.22931764072479768,345205106.26480836,624387987.3170732
2023-10-22,2023-10-23,0.19837934818390907,0.2087346635874054,0.1965364643382351,0.20824090982910562,213666446.4773519,565061456.9686412
2023-10-21,2023-10-22,0.18290313416909398,0.20616153942190518,0.18217327137045128,0.19900631268458802,114347519.19860627,536858937.8641115
2023-10-20,2023-10-21,0.17711235553038596,0.18396393779796663,0.1764207523623201,0.1825658625870932,95501888.44947734,506149828.9721254
2023-10-19,2023-10-20,0.1756058490918816,0.1778306894758171,0.17170725258493308,0.17686591915066432,80410627,491170997.3066202
2023-10-18,2023-10-19,0.176768563247957,0.17832993542363587,0.1755356040424519,0.17577641455383186,93819269.65853658,495256164.369338
2023-10-17,2023-10-18,0.1856794723091789,0.1856794723091789,0.17591286159544342,0.17737609621957104,100905675.94773519,507717842.369338
2023-10-16,2023-10-17,0.18455231850960646,0.19089522250827026,0.18455231850960646,0.1857113359199135,81015216.29965156,522755788.9616725
2023-10-15,2023-10-16,0.1838388656704585,0.18625786365805883,0.18300385321039195,0.18459794525890882,46344946.97526502,517490579.5441696
2023-10-14,2023-10-15,0.18354448698338197,0.1865214024237834,0.18240328649853613,0.1837917349892357,56336623.96864112,517257311.6097561
2023-10-13,2023-10-14,0.18098777439078773,0.1857679325603424,0.1796393141384299,0.18358699926278896,61368539.07317073,510220463.65505224
2023-10-12,2023-10-13,0.1818026116389832,0.18189008480537824,0.17763269468790005,0.1809036198443696,66636395.69686411,504587236.31358886
2023-10-11,2023-10-12,0.18216200068462324,0.1831198961611232,0.1790129199670104,0.18170234134957633,70272269.92334495,506960916.8850174
2023-10-10,2023-10-11,0.1820204868125123,0.18398066969204657,0.18060004523249742,0.18230076712596155,90052353.08362369,511173016.3554007
2023-10-09,2023-10-10,0.19294490640585624,0.19338266077335284,0.1795580236737118,0.1824473423426714,87518848.25087108,523051029.34494776
2023-10-08,2023-10-09,0.1929650537983351,0.19360524029275827,0.18997212206339806,0.1929777726918489,53732328.22299652,537497681.8850174
2023-10-07,2023-10-08,0.19402838037031553,0.19682333615250203,0.19243052673164976,0.19297075120964244,87378952.57491289,543596957.8606272
2023-10-06,2023-10-07,0.19271999319289684,0.19657012768915622,0.19073861056156569,0.19423707414427066,109567720.77351916,542571206.6655052
2023-10-05,2023-10-06,0.20101865351106704,0.2024442702535532,0.19285418140849986,0.19285418140849986,117726650.09407665,554039733.261324
2023-10-04,2023-10-05,0.19941516776460758,0.20203616709348923,0.19343121431830634,0.20099659046161553,134347190.88501742,558535847.9686412
2023-10-03,2023-10-04,0.19915134480432173,0.20186637496548265,0.1978969785022103,0.19957308159552722,127277676.271777,559616998.902439
2023-10-02,2023-10-03,0.20815440763699475,0.20994433483849662,0.19717337576244953,0.19931411184195255,152697065.55400696,572953699.6376307
2023-10-01,2023-10-02,0.19924970639243725,0.20963765709871035,0.19924970639243725,0.20774607617426083,140305625.815331,571837862.5505227
2023-09-30,2023-10-01,0.19485365596880766,0.20175512798068557,0.1944564453889611,0.19954709628226908,129454453.98954704,556883544.7526132
2023-09-29,2023-09-30,0.1891359594961483,0.1947482139314297,0.18840810199013655,0.1941514458540498,103356670.32404181,536195099.4843206
2023-09-28,2023-09-29,0.18615432591718795,0.19014669801096393,0.1859044508430424,0.1889118295554504,98459068.47038327,526536070.4111498
2023-09-27,2023-09-28,0.18798697384896837,0.19037531120218962,0.1851583109723452,0.18620636296207543,103497163.67595819,525338112.815331
2023-09-26,2023-09-27,0.18967365568744013,0.19134894646313752,0.18717060102323682,0.1884067679642848,99064370.78397213,530451707.90592337
2023-09-25,2023-09-26,0.18621402937090742,0.18974250055167313,0.18524648239102348,0.18927386662488588,92051265.22996515,527126259.3902439
2023-09-24,2023-09-25,0.1878873103460407,0.1899944345976414,0.18580816411830597,0.18620888815891237,68491202.96167247,527796611.6167247
2023-09-23,2023-09-24,0.18737342220014575,0.1888652723047857,0.18726954497913112,0.18822085507639857,79551922.79790941,527321952.26480836
2023-09-22,2023-09-23,0.18895666891764293,0.18967873279745276,0.1864646891988206,0.18718429231386938,99797050.04181185,527534917.5365854
2023-09-21,2023-09-22,0.19439842701691776,0.19575176176174217,0.18697175963395526,0.18879228454823188,107928417.0174216,535093408.66898954
2023-09-20,2023-09-21,0.19413280782349504,0.19504991768173335,0.1911496929372232,0.19441200135904615,90096122.36585365,540963588.7700348
2023-09-19,2023-09-20,0.19091745338458244,0.19506955697924516,0.18968488285503793,0.19453159956087113,98641880.53310105,540395427.2857143
2023-09-18,2023-09-19,0.19015649547080213,0.19620539071922383,0.18811387570807772,0.1905210192908759,105241888.65734266,539845349.9405594
2023-09-17,2023-09-18,0.19761844459325317,0.19761844459325317,0.18857256463670508,0.19053903373125677,81709694.72473867,541308079.4459931
2023-09-16,2023-09-17,0.19556531253236062,0.1984662082527235,0.194213935676538,0.19773246114889836,92241761.69686411,549617108.8118467
2023-09-15,2023-09-16,0.19319838151401106,0.19566659514871096,0.19005394070151968,0.19512323487398564,93994890.05574913,539599477.8850174
2023-09-14,2023-09-15,0.19138130044044818,0.19479429750116578,0.18969447827216965,0.19277176660008563,106034096.97909407,540040702.3310105
2023-09-13,2023-09-14,0.18637988624307716,0.19300549997833902,0.18541631809457668,0.1911868512355641,127741376.91289198,530418140.85365856
2023-09-12,2023-09-13,0.18704912833709764,0.19501277374530923,0.1863779294997528,0.18701570700293693,149138618.4947735,532732015.82229966
2023-09-11,2023-09-12,0.19290013734093206,0.1935470326843011,0.18357645063831896,0.18705445747605018,132843111.0174216,529876190.74216026
2023-09-10,2023-09-11,0.19983257358140347,0.19983257358140347,0.18935489793242163,0.19292890300157753,106973307.03135888,542026959.8571428
2023-09-09,2023-09-10,0.20048576584993522,0.20194252812019797,0.19975794217478185,0.20004751300884308,78279081.29965156,562240981.4912893
2023-09-08,2023-09-09,0.20481084593121981,0.20738578683272585,0.1998020166124504,0.20056083925727672,104417160.97212544,567307425.108014
2023-09-07,2023-09-08,0.20281484714576986,0.20451882232906687,0.19987148814890005,0.20451882232906687,105081327.58188154,565858545.3484321
2023-09-06,2023-09-07,0.20185918769293745,0.20352722805877752,0.19788349586881201,0.202717982650554,98340276.46341464,564554336.2299652
2023-09-05,2023-09-06,0.20209501284899775,0.2054186812854168,0.20060911905808815,0.20197108471461445,108224974.27526133,566990740.9442508
2023-09-04,2023-09-05,0.20128515348620749,0.20657792365858688,0.2003619679575742,0.20222376724722305,104919521.58188154,569964309.195122
2023-09-03,2023-09-04,0.2003955094618346,0.20209985837033143,0.19918953759646374,0.20127416273481827,85575574.728223,562725079.6062717
2023-09-02,2023-09-03,0.20430947744278027,0.20551475218797274,0.20027425297638765,0.20059685773507885,124403175.32404181,568519412.6376307
2023-09-01,2023-09-02,0.20039710310285933,0.20449804104621153,0.19831366362949224,0.2038089606446643,169019799.99303135,563463916.2508711
2023-08-31,2023-09-01,0.2113853675024296,0.21539262291136635,0.2002469757872845,0.2004453562949615,134553038.85365853,588220447.9756098
2023-08-30,2023-08-31,0.21684093306468524,0.21735303536415132,0.2092577965949399,0.21180923390358214,187410477.2369338,597513909.4738677
2023-08-29,2023-08-30,0.20264841164266087,0.21892304911953006,0.198269405074833,0.21620129934609064,155041865.97560975,579268377.4738677
2023-08-28,2023-08-29,0.20185399629402132,0.20502177563907384,0.19743595330126085,0.20287721685174484,114530300.62020905,563077869.3832753
2023-08-27,2023-08-28,0.20033907184576122,0.20399165280798578,0.19946359835605798,0.20234711114527007,87121815.74216028,564923898.9512196
2023-08-26,2023-08-27,0.2075478090730157,0.2075478090730157,0.20011542246012634,0.2003880088636284,92097380.8989547,571167566.7003484
2023-08-25,2023-08-26,0.2093393414494635,0.2098066266611571,0.2038504142422526,0.20794586759184516,129877302.68989547,579693975.6620209
2023-08-24,2023-08-25,0.2110466125125353,0.21237837529990033,0.20451903388891376,0.20970862151749167,138184830.4947735,585350164.4181185
2023-08-23,2023-08-24,0.20222637214383649,0.21074293242910933,0.1993357519745821,0.2100620344990212,180959143.7456446,571125744.6445993
2023-08-22,2023-08-23,0.2040485494838195,0.20423811370413053,0.19462316940836674,0.20135763277487886,154892453.90940768,563101459
2023-08-21,2023-08-22,0.2079160718217365,0.21039215877203934,0.20099732104779083,0.20409975966437197,128435664.60627177,578191891.5749129
2023-08-20,2023-08-21,0.20850796363103608,0.21220066179949723,0.20572511652711822,0.20822429159828396,109486087.79442509,585947354.0452962
2023-08-19,2023-08-20,0.20070086778769577,0.20978977804996993,0.1997136715524054,0.20761740987342134,154286156.96167248,572091205.4355401
2023-08-18,2023-08-19,0.1941956045493154,0.20271099913683283,0.191008202302419,0.19999168224765015,279037240.4111498,551127871.1533101
2023-08-17,2023-08-18,0.2153413556338338,0.21819396205303376,0.17841006960454328,0.1938624466365079,206049138.12543553,597603634.4494773
2023-08-16,2023-08-17,0.2283961801685936,0.22858606709535464,0.20988467979293088,0.21563254774449903,198261184.8815331,622675190.0836236
2023-08-15,2023-08-16,0.241499560092775,0.24297969453091556,0.22404130651162446,0.22853768405585917,127426830.32055749,664935764.9442508
2023-08-14,2023-08-15,0.238737947254075,0.24563654678615082,0.23823611415104948,0.24153582748628746,119552729.66898955,674871252.1219512
2023-08-13,2023-08-14,0.24028269437980182,0.24378926581861277,0.23829723773846018,0.23947780819133785,80702373.41463415,675343481.5191637
2023-08-12,2023-08-13,0.24146212402297446,0.24261624479254693,0.23917128605416993,0.2402137854660078,128007128.2891986,673190752.5609756
2023-08-11,2023-08-12,0.23948468787264823,0.24535704093077165,0.23806832329975489,0.2416207702050882,203128889.5574913,675257457.4494773
2023-08-10,2023-08-11,0.23644545182715473,0.2404425480406532,0.23507124793730372,0.23928361430475753,150128660.2160279,665241786.5121951
2023-08-09,2023-08-10,0.23773211803019023,0.2411574384642137,0.2338243410057871,0.23666905729801252,143768735.2857143,664640812.2160279
2023-08-08,2023-08-09,0.23252349903550235,0.23980582328407318,0.2313572447970748,0.23697679812860178,145854628.37979093,656536032.4912893
2023-08-07,2023-08-08,0.2373008241995439,0.2409328728439638,0.22886876935708214,0.23293851890139836,115228199.5923345,660511821.0801394
2023-08-06,2023-08-07,0.23628415978647682,0.24103922438912243,0.23575693132221445,0.23693822875576387,105807058.24390244,667093554.7804878
2023-08-05,2023-08-06,0.23285035309648985,0.23680562077811346,0.23135478631589793,0.23622256954946733,118877378.43356644,656448276.1083916
2023-08-04,2023-08-05,0.23400857020141608,0.23756794572171028,0.2301272260744857,0.23297562848993278,131741037.85017422,654525440.7770035
2023-08-03,2023-08-04,0.23834358322869387,0.24020686568691668,0.23230398542373232,0.23405445461127003,170142374.6620209,660607447.6689895
2023-08-02,2023-08-03,0.24921198854482934,0.25038843038705777,0.23787103450579297,0.23852509857569318,226355438.7944251,680586792.4181185
2023-08-01,2023-08-02,0.23480852602827545,0.24930678512374815,0.2299742264602412,0.2478638835761146,162544663.06271777,665899777.6341463
2023-07-31,2023-08-01,0.23914090388489995,0.2435063218490252,0.2330050116592796,0.23506957872603138,129553256.14436619,669883266.0985916
2023-07-30,2023-07-31,0.2464295974067836,0.24725210201997833,0.2364689783123313,0.23986309806077766,82772115.33101045,683889849.9825784
2023-07-29,2023-07-30,0.2466665732606409,0.24778819563541388,0.24409731697895404,0.246603378872396,99448570.27526133,688174376.0627178
2023-07-28,2023-07-29,0.24544003672707393,0.24928898588097928,0.24279101940069978,0.24692332359966235,127519034.67944251,688871221.8083624
2023-07-27,2023-07-28,0.24497555655658484,0.24903150939563512,0.24082848804818346,0.2455562763109281,206826429.02787456,686867707.5261323
2023-07-26,2023-07-27,0.23456611761014845,0.249505306150087,0.2303001233099871,0.24535319970805575,174419092.94425088,660833557.8675958
2023-07-25,2023-07-26,0.2439748570724948,0.2440743457331816,0.2343778503446681,0.23540540149616254,156900765.40069687,669385218.7700348
2023-07-24,2023-07-25,0.2559511305529359,0.2572160391164697,0.24094259116434388,0.2436152598223832,167803244.3728223,693620390.6480836
2023-07-23,2023-07-24,0.25187675834109097,0.26061154653275126,0.2498265868113726,0.25650169818502366,136166000.5574913,715160639.6027875
2023-07-22,2023-07-23,0.2574525413553494,0.25944754425688776,0.2503518357610003,0.2515484624061189,121395227.29616725,720332621.0627178
2023-07-21,2023-07-22,0.25763463947466153,0.26114866876089055,0.2556647194542982,0.25730475735940905,187393768.0522648,722611046.3240418
2023-07-20,2023-07-21,0.2545343438212681,0.2626823994597453,0.2535509794139077,0.25745525788273466,198683064.0348432,721522528.1393728
2023-07-19,2023-07-20,0.25642301410614576,0.2636869999168156,0.2533194292196305,0.25449745393372963,206583562.97212544,722694474.261324
2023-07-18,2023-07-19,0.26323860587170067,0.26721115712378257,0.2533763526741126,0.2568388550111815,282691430.8432056,727185578.9442508
2023-07-17,2023-07-18,0.2565007387341789,0.26890327861207997,0.2565007387341789,0.26486568371040314,322348216.8850174,736142765.0557492
2023-07-16,2023-07-17,0.2751726073638303,0.27638124885225246,0.2594959575880201,0.25966880766707945,252635418.09059232,753813710.7944251
2023-07-15,2023-07-16,0.28105196946868793,0.2872121916449266,0.2716620222931563,0.27549930914168136,395893521.4703833,781507916.1010453
2023-07-14,2023-07-15,0.3087377626490131,0.31818033848429633,0.2737580077355663,0.2826959219357342,527606656.5505226,840382009.3135889
2023-07-13,2023-07-14,0.2729831772240633,0.308731452595096,0.2710706491737682,0.30745565062484764,276092863.22299653,802881980.2404181
2023-07-12,2023-07-13,0.2707808729405515,0.2782754164179456,0.2687219803983553,0.27220373166954154,190421712.77003485,764799784.8222996
2023-07-11,2023-07-12,0.2715543022124097,0.27651451517053244,0.2690061898115304,0.2718331630328452,264314872.22996515,765005924.0836236
2023-07-10,2023-07-11,0.2662285230237748,0.2735882943714805,0.2586500159005482,0.2708026004844401,280802758.4250871,740977793.8466899
2023-07-09,2023-07-10,0.27548190882162016,0.27969644923509596,0.26726572713148977,0.26778137545652275,274013949.9163763,766336309.3240418
2023-07-08,2023-07-09,0.2667614809366525,0.278903211615545,0.26615434492923473,0.27602364172786786,374964233.12543553,760433180.4181185
2023-07-07,2023-07-08,0.2699380693800377,0.2726926093163139,0.2610101778629767,0.26782517753620133,596093154.163763,749902437.0905924
2023-07-06,2023-07-07,0.3023183330232408,0.31044698391291226,0.2710251907010831,0.2714875421257838,339468396.8292683,825901315.2682927
2023-07-05,2023-07-06,0.3154401620315698,0.3188363114646559,0.2963102203203407,0.303367361705642,205160701.26480836,860918896.1324042
2023-07-04,2023-07-05,0.3198131270484989,0.3231183122717996,0.3136161021211294,0.3161102758842872,200599663.58188152,892035183.0487804
2023-07-03,2023-07-04,0.3142654641479151,0.32356671286438354,0.312655403748186,0.31980009432029216,202817739.7630662,892166534.1010453
2023-07-02,2023-07-03,0.3107822757849901,0.314240125802654,0.30162464498424196,0.31308269206399636,170482330.63414633,857882705.8710802
2023-07-01,2023-07-02,0.30433103674515044,0.310204174537829,0.2992391403237182,0.310204174537829,308431923.543554,854929915.8013937
2023-06-30,2023-07-01,0.2994869982929257,0.31637692290353564,0.28908802514159104,0.3042942274047112,337601019.3240418,854855512.3658537
2023-06-29,2023-06-30,0.29534113788215977,0.307466506310108,0.2888386338571103,0.29945312749722874,270849690.5365854,832572580.5888501
2023-06-28,2023-06-29,0.3130880895909391,0.3130880895909391,0.28845531667399466,0.2962477783873249,233310071.09407666,843661372.825784
2023-06-27,2023-06-28,0.3047982259448226,0.3151689985670215,0.3015769637764509,0.3128333340375559,273239287.77003485,865360858.8641115
2023-06-26,2023-06-27,0.3115712187784597,0.32518000875846453,0.304528786132326,0.3055971895091134,273601961.4390244,878151552.7526132
2023-06-25,2023-06-26,0.3122976084052077,0.33018732169513665,0.31117679832734096,0.31337436984431133,325794767.4285714,894894071.8989547
2023-06-24,2023-06-25,0.3134071940092272,0.324781611842883,0.30201419932427576,0.313524661039957,347492385.7630662,879227824.1533101
2023-06-23,2023-06-24,0.2917328039255011,0.3150397029160944,0.2917328039255011,0.3117639746668522,252507182.14982578,842041761.9547038
2023-06-22,2023-06-23,0.30066980095578305,0.30812151416277794,0.2904417474301549,0.2909747272062651,358737345.34843206,836310957.9407666
2023-06-21,2023-06-22,0.2750408434202576,0.30517876356883156,0.2750408434202576,0.2997795911685436,339677960.4111498,814634631.2055749
2023-06-20,2023-06-21,0.263302748548065,0.2759625630877692,0.25426694311995035,0.2759625630877692,179279893.09756097,737440036.8536586
2023-06-19,2023-06-20,0.2628616700465776,0.2703073019346204,0.26031855059117165,0.26393628954840764,158604249.36585367,740094097.9059234
2023-06-18,2023-06-19,0.2740141439877781,0.275216311970567,0.2607325674541772,0.2632197934997802,147604142.83623692,756587700.6132404
2023-06-17,2023-06-18,0.26714916933691013,0.2792716210917391,0.26640363135947337,0.2738922071682625,198941055.184669,765832442.3449477
2023-06-16,2023-06-17,0.25861452050182676,0.27044360849123655,0.2517137688908106,0.2680916021045353,198935726.2891986,725929552.2439024
2023-06-15,2023-06-16,0.2543036820232429,0.2622730000688816,0.24624334746047508,0.25900015876453547,272029432.912892,710591502.076655
2023-06-14,2023-06-15,0.2613539060155358,0.26716350985615084,0.24670481317583948,0.2539989367899186,275867385.18118465,729105165.8536586
2023-06-13,2023-06-14,0.24527369180235117,0.2695941875618048,0.24405684127806085,0.260289706948045,266425398.73867595,715811333.6585366
2023-06-12,2023-06-13,0.2397421899930738,0.24723738110797175,0.23387944141778966,0.24495866714908537,207824822.9512195,677244390.9721254
2023-06-11,2023-06-12,0.23925303703515446,0.24674577913454654,0.23541619010703213,0.24047587017588276,229821766.0209059,670069072.4982579
2023-06-10,2023-06-11,0.2859032564351612,0.2859032564351612,0.22453443300179124,0.24041329595279362,331591424.24825174,682940580.9580419
2023-06-09,2023-06-10,0.2963018095841087,0.29717977072264434,0.2844302979301118,0.28694433095814775,174065420.92334494,815554801.1149826
2023-06-08,2023-06-09,0.29111071804184535,0.29994815289919036,0.2862587105601743,0.2959116280816011,217440161.63414633,818169085.0383276
2023-06-07,2023-06-08,0.3051609551398465,0.307093655949913,0.2882386142548288,0.29242757167903777,272304431.75261325,831513842.6620209
2023-06-06,2023-06-07,0.29153953133582744,0.3080139997136519,0.28725950917946586,0.30569494462134944,345507267.5505226,825561477.5296167
2023-06-05,2023-06-06,0.32588516223598446,0.3307473611981578,0.27991528676291805,0.29136164173235324,332871070.3205575,863325362.3414634
2023-06-04,2023-06-05,0.32128695582526917,0.3335101129514909,0.3181237417925939,0.327059448597307,134367470.4773519,898450304.0278746
2023-06-03,2023-06-04,0.32260798750840264,0.3266908880920589,0.31874774434584563,0.3205589148538589,163344573.9337979,898127633.0452962
2023-06-02,2023-06-03,0.3112852667903667,0.32476136311732307,0.30861791259642457,0.3225206236117897,216412978.815331,892730895.7735192
2023-06-01,2023-06-02,0.3124952637156689,0.316989065290016,0.3067704803762904,0.31133127327899973,250445336.11149827,874626713.0034844
2023-05-31,2023-06-01,0.3281725329133241,0.3307983116882338,0.3080807659202637,0.3131727386786831,284241854.22996515,884971935.0348432
2023-05-30,2023-05-31,0.3330848747965239,0.3346006464165742,0.32461740315537563,0.32848146232936454,301488242.28222996,918979609.6724739
2023-05-29,2023-05-30,0.34818922449283424,0.35078379845669033,0.3319820734098648,0.33346089424053754,278702561.85714287,947245027.7560976
2023-05-28,2023-05-29,0.3310158121488823,0.35203478024672546,0.3298936698209046,0.3490768417137486,183866510.4236111,943922119.3333334
2023-05-27,2023-05-28,0.32860652801693474,0.3321016824895911,0.32614455966722855,0.3312177418346621,170706162.69444445,920833559.4756944
2023-05-26,2023-05-27,0.3313283982311819,0.3355100359402655,0.3284781849897679,0.3287930366612989,241180564.22727272,923742262.6713287
2023-05-25,2023-05-26,0.33004614054524467,0.33508287732389713,0.3213454132075688,0.3316266121896185,491717443.2982456,923784772.814035
2023-05-24,2023-05-25,0.3645247188903934,0.3645247188903934,0.3271859647413625,0.33043406829508026,310070944.5868056,961833192.8194444
2023-05-23,2023-05-24,0.36067584549076653,0.3728892392358091,0.35799025484458435,0.364400656144788,169370442.9965278,1022328214.9340278
2023-05-22,2023-05-23,0.36151710783849617,0.36415654370868983,0.3553174076257376,0.3610201847327623,165165711.76041666,1006451190.7326388
2023-05-21,2023-05-22,0.3751136169779216,0.3762893398717799,0.35945974547631876,0.3614418711316248,129019147.52777778,1028916579.75
2023-05-20,2023-05-21,0.3710230510459686,0.37488258660406804,0.3668208133859791,0.37488258660406804,143332896.8611111,1030857696.0069444
2023-05-19,2023-05-20,0.3709165214003072,0.37346124357838834,0.36593172313743905,0.37044317234989554,243814419.9375,1031560299.1597222
2023-05-18,2023-05-19,0.3872856079878494,0.38873336193956226,0.3672423192305487,0.3709659844930084,296269042.71875,1059864082.8125
2023-05-17,2023-05-18,0.37955497561613755,0.3926613293728974,0.3719591423561384,0.387582069437858,239345916.92708334,1065523843.0451388
2023-05-16,2023-05-17,0.38293923285934345,0.38592399166516056,0.3751399695190252,0.3796708784990151,252185928.6076389,1058634923.9236112
2023-05-15,2023-05-16,0.37026404411382147,0.39305678722820214,0.36328459391266305,0.3832402953049454,267099980.27719298,1068262251.9754386
2023-05-14,2023-05-15,0.36462425140272636,0.3759021301857467,0.36079977228626775,0.3700316473683755,176306536.5625,1026609597.9756944
2023-05-13,2023-05-14,0.3726222079978428,0.3726222079978428,0.3628478786549426,0.3645556080168279,275918167.9791667,1024684971.1423612
2023-05-12,2023-05-13,0.3683866246678881,0.3736411621821509,0.3573582683159309,0.37214658862162353,388465994.0208333,1020820569.2048612
2023-05-11,2023-05-12,0.38130059833982516,0.38130059833982516,0.36006193383118285,0.36930211319422185,469989223.5659722,1031634888.4444444
2023-05-10,2023-05-11,0.37035183101766034,0.39291217580097876,0.36137084089640387,0.3821735284022697,345048414.3368056,1052292382.1875
2023-05-09,2023-05-10,0.3658958127956564,0.37223515110739597,0.36258004540365807,0.36996296581447,378803881.9094077,1021792269.0418118
2023-05-08,2023-05-09,0.40693777923341923,0.4098029361981781,0.3555183614536609,0.3665501123312256,357327656.3090278,1059772849.8680556
2023-05-07,2023-05-08,0.412701872982408,0.41557201481493755,0.4058116072425499,0.4058116072425499,252350296.2847222,1145942084.4895833
2023-05-06,2023-05-07,0.43430738873236047,0.4376245074423337,0.40440097854326645,0.41339191618084464,335869891.7048611,1168242525.8333333
2023-05-05,2023-05-06,0.4298839508556135,0.4380476717896686,0.4195488706276642,0.434062702250689,339476857.5034722,1201712201.0520833
2023-05-04,2023-05-05,0.43994332655411617,0.4447310751982393,0.4265613028453108,0.42959064163625127,448958159.1006944,1216474655.6875
2023-05-03,2023-05-04,0.4167604836523215,0.4440894050504278,0.4054395274554216,0.4401095711347274,264161977.65925926,1158741680.4481483
2023-05-02,2023-05-03,0.4133556779360842,0.42010459008040135,0.40822269391357335,0.41675326193200657,256605621.9236111,1152568521.4618056
2023-05-01,2023-05-02,0.4227903416926607,0.42721629237195236,0.40447397359095943,0.41318350379563623,297702786.2986111,1155626176.59375
2023-04-30,2023-05-01,0.4307769095084025,0.43841536724965,0.4219740832725142,0.424431146410623,234654157.41666666,1196788106.0659723
2023-04-29,2023-04-30,0.4218573000815569,0.4379276851620246,0.42108731404399014,0.430495429318289,251461114.86805555,1197301264.2916667
2023-04-28,2023-04-29,0.4289831448343483,0.43023837748862476,0.4149758167681994,0.42210942331668516,341796793.1909722,1179968393.2569444
2023-04-27,2023-04-28,0.4189313083197463,0.4368199176858216,0.416299844482753,0.4291752048178404,648817918.0313588,1191341198.8432057
2023-04-26,2023-04-27,0.43300034484548083,0.4533341368809843,0.4030310722115934,0.4184789643745102,550122825.0833334,1208647825.1458333
2023-04-25,2023-04-26,0.41866585662219874,0.4341514272127176,0.39776699500214946,0.43383337770597524,356725636.2256944,1146250355.0868056
2023-04-24,2023-04-25,0.4278658347041939,0.43424652651857554,0.41612572932375147,0.4188876187400978,312556641.1666667,1178576862.6354167
2023-04-23,2023-04-24,0.43651622946152485,0.43767673706807153,0.41427137784196433,0.42905700020541576,261090149.1597222,1193809665.6111112
2023-04-22,2023-04-23,0.4235495669157942,0.4381707830300998,0.41964699636790576,0.4364633180060914,406164842.2256944,1193349720.4236112
2023-04-21,2023-04-22,0.465713037290249,0.47174880883877973,0.4201013729804824,0.4240412678574955,470132059.6423611,1260345309.8645833
2023-04-20,2023-04-21,0.47321683123782404,0.4829556805219033,0.45573283731687336,0.4667251296435691,556859009.7361112,1312086664.9166667
2023-04-19,2023-04-20,0.5328831291595857,0.5334110150686715,0.46781560001525546,0.47342308663144306,526921945.1736111,1392575059.0833333
2023-04-18,2023-04-19,0.5196560294402895,0.5461147910347544,0.5101709929032309,0.5338789068785214,627618644.78125,1481610196.8090277
2023-04-17,2023-04-18,0.5278502508747882,0.5446321206513934,0.5178995982101597,0.5191419998101647,729216277.8787858,1474533007.0443735
2023-04-16,2023-04-17,0.5120450958993173,0.5332566761803859,0.5005369475212375,0.5291687966257034,358721094.9493973,1422210096.8704026
2023-04-15,2023-04-16,0.513431937247407,0.5199598970524815,0.5045043379374169,0.5124642727067675,532872114.380854,1423955396.4676654
2023-04-14,2023-04-15,0.51155544694837,0.5302155353795516,0.4971745000043339,0.5138300821691683,669866977.2264808,1436916929.8249052
2023-04-13,2023-04-14,0.5010257088989017,0.5244495866912612,0.49597699570599213,0.5113441668843034,893713495.1111112,1424073687.0509417
2023-04-12,2023-04-13,0.49348032727191476,0.5187426594103595,0.4759586074555611,0.5007241470670889,874181199.1111112,1376098867.1747086
2023-04-11,2023-04-12,0.47631309013729356,0.5033479946681969,0.4708169970124177,0.49335589420355935,544440269.5555556,1354870232.8449361
2023-04-10,2023-04-11,0.45524428134312755,0.4765076820389196,0.44762700717673287,0.47499130001118384,258838436.6111111,1271754267.5497444
2023-04-09,2023-04-10,0.4526417964657435,0.4577973909328844,0.44316720752802863,0.4552636121234713,266462302.9965157,1252284790.7041497
2023-04-08,2023-04-09,0.4607181075123546,0.4705751860953348,0.45151265788880995,0.4527335194853317,343625924.6666667,1285272659.0033453
2023-04-07,2023-04-08,0.45629945032031016,0.46657067208334263,0.4502436365744689,0.4613989516633885,438790708.7777778,1278486296.4291282
2023-04-06,2023-04-07,0.46737265170377185,0.46737265170377185,0.4491112282790857,0.4548494245438948,612782870,1270130464.2179775
2023-04-05,2023-04-06,0.45347949852238983,0.4956777876683971,0.4522923069718477,0.4673228458417913,605306107.5555556,1313208092.7626598
2023-04-04,2023-04-05,0.45427228711571144,0.45909503064348883,0.43959835200635056,0.45293843741279927,594509070.4444444,1253760549.5548518
2023-04-03,2023-04-04,0.45197664831351597,0.4601556831394316,0.4325885657754144,0.45480759179869257,475538207.2,1239993448.3941765
2023-04-02,2023-04-03,0.46972734726139154,0.4720971680426639,0.4439626139463079,0.45223942768107017,357441291.2222222,1283355608.7300158
2023-04-01,2023-04-02,0.47579947520569693,0.482509225315404,0.4623330402322323,0.470107590408165,608857297.6666666,1308122957.9259362
2023-03-31,2023-04-01,0.45006183013759926,0.4792252461052201,0.4416012150658098,0.47698586097184664,707636156.8888888,1288981109.4642859
2023-03-30,2023-03-31,0.45846904960244644,0.47129225521089696,0.43690074015515995,0.45018089246315446,820517516.2222222,1252433488.1421084
2023-03-29,2023-03-30,0.4223969662077763,0.46642761778121217,0.42168249905695104,0.459098325799237,849084328.8888888,1254318346.4260247
2023-03-28,2023-03-29,0.410645552551519,0.42973249312666495,0.3966362215592519,0.4232008391888853,696290060.8888888,1142524114.758121
2023-03-27,2023-03-28,0.4479171696342986,0.4494975554566515,0.4072371641208879,0.41201462876071854,528701472.2222222,1191531271.820999
2023-03-26,2023-03-27,0.43551725801470415,0.45315558979779513,0.43158190705765515,0.44790036348593903,495305935.976739,1235377672.6750293
2023-03-25,2023-03-26,0.458330560395302,0.46335111826300496,0.42893657673329644,0.4359563273355486,643630987.3333334,1247656789.5820994
2023-03-24,2023-03-25,0.4966897577595752,0.4966897577595752,0.451656477402616,0.4594113746942569,867157818.2222222,1310403442.1424005
2023-03-23,2023-03-24,0.46977764058048044,0.50528322442298,0.46206764174863574,0.4972728614012857,1200598560,1344992222.167642
2023-03-22,2023-03-23,0.4851521172481772,0.5022175558808929,0.4526321568698391,0.47102376196582546,1010062260.6666666,1331835410.3891468
2023-03-21,2023-03-22,0.4556659031730211,0.5019406161025916,0.44301466804580686,0.48668188798106204,1016820288.4444444,1315701007.1692
2023-03-20,2023-03-21,0.49131374687983187,0.5124399867639852,0.4514808562386766,0.4541880770529149,1129755286,1342732241.3087277
2023-03-19,2023-03-20,0.48290529291901396,0.5285664236996439,0.4754939107932451,0.4909744930839121,1145391692,1383336433.4449084
2023-03-18,2023-03-19,0.5087875235119288,0.5280549975673781,0.48021035991997013,0.4815953070806495,1553431150.2222223,1401273938.7335844
2023-03-17,2023-03-18,0.41053579157398246,0.5114392804019385,0.4040508657310912,0.5058769307769198,1088470794.2222223,1257989943.237904
2023-03-16,2023-03-17,0.39066767077710146,0.4180475890236223,0.38363554420521184,0.4116101348661985,1022816185.087108,1116574102.138474
2023-03-15,2023-03-16,0.44909228807421975,0.45786098388371677,0.37854021384492,0.38892455296283407,1199380981.1111112,1187676303.1289444
2023-03-14,2023-03-15,0.41490226930840585,0.48350675138679844,0.40967338434952844,0.44839495273784735,1188649842.028169,1212364870.4386263
2023-03-13,2023-03-14,0.3955381786633578,0.42387125323948116,0.36934980675321005,0.41255997352793683,1095534288.168421,1099277638.3147888
2023-03-12,2023-03-13,0.3361384605952152,0.3944501688725483,0.33100656039533066,0.3944501688725483,552392310.1111112,954814803.4095533
2023-03-11,2023-03-12,0.33989808811304445,0.34987209081137527,0.3121301162654538,0.3370912959942077,820824182,911350670.5378501
2023-03-10,2023-03-11,0.33583515467270486,0.342138678185362,0.30681094227687555,0.338969161799342,965272194.0069686,917965600.9914876
2023-03-09,2023-03-10,0.35878752570685035,0.3767068391606082,0.33088748429264847,0.33587819852950984,616291887.9442508,1000660744.249385
2023-03-08,2023-03-09,0.3982815106106238,0.4006367075058753,0.356197487851183,0.35932314290383477,556562632.7578948,1060765393.144945
2023-03-07,2023-03-08,0.41691772374148267,0.42891260727894537,0.38924487176941935,0.3984785171889026,515486664,1071665491.7965531
2023-03-06,2023-03-07,0.40005269516785663,0.42475827411628525,0.39486505236349845,0.4169137035358066,481115655.1111111,1039651063.4058154
2023-03-05,2023-03-06,0.40104117095149244,0.4147353419046975,0.39514958437097597,0.4007599076875177,588418509.6666666,1035564754.8405048
2023-03-04,2023-03-05,0.4260980128624562,0.4314254039851283,0.38857276306600297,0.40019626033608746,508967566.3832753,1062583562.2850165
2023-03-03,2023-03-04,0.44577059489091675,0.44577059489091675,0.3979297858639045,0.4252913838702868,724256959.3333334,1068851782.5314947
2023-03-02,2023-03-03,0.46950799142204114,0.47010429532723047,0.4363184232861304,0.44455120697248524,566473812.4444444,1140944597.9191256
2023-03-01,2023-03-02,0.42750791625163026,0.47052382386739594,0.4235194418130078,0.47052382386739594,611086825,1152342391.8606088
2023-02-28,2023-03-01,0.4569153548626741,0.4594031459748971,0.42653632456697027,0.4275585741257579,469698297.5555556,1145080985.0918221
2023-02-27,2023-02-28,0.4744319710613243,0.47490725405229717,0.44844566237327044,0.45644354529075104,422441647.2222222,1177530957.6790476
2023-02-26,2023-02-27,0.45711351784785215,0.4753258891808814,0.4537843707614786,0.4729440603007755,387507589.1111111,1177411658.7479575
2023-02-25,2023-02-26,0.4622502606637679,0.4671340322672396,0.4390126935914577,0.45648080968707705,541128918.076655,1165948765.702494
2023-02-24,2023-02-25,0.49101410088938974,0.5046993794444249,0.45372160065955464,0.4622325641708819,588518362.2222222,1231580801.1012053
2023-02-23,2023-02-24,0.5085111544498211,0.5206706956537791,0.48817368518843135,0.49161554580405914,781432128.6666666,1282467576.3057573
2023-02-22,2023-02-23,0.5212194398267374,0.5214861238858494,0.4785655302318343,0.5103491833306157,1042147796.4444444,1265421020.2801156
2023-02-21,2023-02-22,0.514108350657481,0.5513031756644674,0.5088914684531136,0.5207720884714494,884139896.4444444,1342223728.190468
2023-02-20,2023-02-21,0.5223798065534465,0.5326722232069494,0.5056272005704676,0.5125984929371175,805559741.7777778,1329827263.6775858
2023-02-19,2023-02-20,0.5417518556476779,0.5546994827600431,0.5146986036477494,0.5207488855070839,696789580,1368783513.2497644
2023-02-18,2023-02-19,0.5556745263180415,0.5665938027401695,0.5382853903658547,0.5429747886174022,1006166497.7777778,1403073455.6837792
2023-02-17,2023-02-18,0.5279800858799875,0.5778890522967417,0.5279800858799875,0.5554370704028039,1643241188.4444444,1413005802.123253
2023-02-16,2023-02-17,0.5707278487309259,0.5964183663049385,0.5214144447403875,0.5268593671026288,1761283274.6666667,1451534168.766767
2023-02-15,2023-02-16,0.5243292983689849,0.5803110946400301,0.5085155518355682,0.572251377011143,1851844287.2624114,1365690504.544125
2023-02-14,2023-02-15,0.46329240707342373,0.5238298631266157,0.4507922409449348,0.5238298631266157,1547249051.5555556,1229408297.3346264
2023-02-13,2023-02-14,0.4413864923669874,0.46393523836859285,0.4150813250748839,0.4624327491845525,1101227609.5555556,1121567174.1679256
2023-02-12,2023-02-13,0.4796701896596207,0.4805998406542485,0.4390502228996052,0.4395975904913287,979733176.8888888,1186536743.75001
2023-02-11,2023-02-12,0.43696712618415107,0.48105881004063566,0.4190164575457077,0.47968492499960863,912561734.6666666,1115294747.1772244
2023-02-10,2023-02-11,0.4479595244917045,0.4577528993847348,0.4284663853742317,0.4389178052137977,1083421328.8888888,1141562782.893197
2023-02-09,2023-02-10,0.5258241679587591,0.5309142486003409,0.4409294351969625,0.4476560114748856,948610459.3333334,1262441959.3731742
2023-02-08,2023-02-09,0.5893789242669072,0.6007118718804352,0.5156440541520421,0.5268358989820284,1079110708.2222223,1419546784.8063517
2023-02-07,2023-02-08,0.5254494741638225,0.583976260752401,0.5247882110011123,0.583976260752401,870163056,1392545165.9972932
2023-02-06,2023-02-07,0.5684129853088533,0.5786586443416128,0.5289582056691361,0.5289582056691361,847431273.3333334,1416301003.6252446
2023-02-05,2023-02-06,0.6154034875767053,0.6210346905965831,0.5575632717251547,0.5690593087397643,722675982.6666666,1509908478.7643418
2023-02-04,2023-02-05,0.6333614926533166,0.6463226907972717,0.6136824569291391,0.6160266296298359,1198993251.1111112,1597055141.1942263
2023-02-03,2023-02-04,0.6064565328808202,0.6544766880862686,0.5997846181109685,0.6350433702940884,1665058127.5555556,1585173242.3383493
2023-02-02,2023-02-03,0.57610322532438,0.6451173717460383,0.5663359608647754,0.606124900392982,1579518492.4444444,1516039000.6294818
2023-02-01,2023-02-02,0.5390598143697393,0.5927469283545566,0.49747039536674914,0.5763694951301067,1637518596.4444444,1349917962.1010375
2023-01-31,2023-02-01,0.4822742267836799,0.5516087264094968,0.4665231306553266,0.5385013108603565,1229216568,1260924692.0698924
2023-01-30,2023-01-31,0.49092467405930373,0.49274852147438286,0.4562331906507908,0.47787370803891194,833380862.8888888,1204181769.6468792
2023-01-29,2023-01-30,0.44924948033549056,0.4946497637006533,0.44542267463193613,0.4932429989023456,643774086.3333334,1199701205.7372763
2023-01-28,2023-01-29,0.4668156797768628,0.4820016255072305,0.44294079446148016,0.4484735464183268,683438136,1168972781.868387
2023-01-27,2023-01-28,0.48486831213734993,0.48890642717289656,0.457087621769732,0.46711129397236517,1468287108.2222223,1194619634.6763778
2023-01-26,2023-01-27,0.41002183916469764,0.4969125157660704,0.4044545651564755,0.48295164875633784,1227174648,1143500244.0716832
2023-01-25,2023-01-26,0.37663545047192576,0.4189855876920832,0.3654305033644255,0.4094618542397813,725479821.3333334,1008642045.0013678
2023-01-24,2023-01-25,0.4017710464281392,0.42550303826163083,0.3725436862536298,0.3765655804241791,816446374.6666666,1027954482.0993445
2023-01-23,2023-01-24,0.38172982334779504,0.41099440294704864,0.37263088708825254,0.40385443211501204,914990806.8888888,993763772.1421236
2023-01-22,2023-01-23,0.34174834573529683,0.4018627887793695,0.3392847027917881,0.3828313037727955,577384801.6666666,920331775.518346
2023-01-21,2023-01-22,0.34727874705271944,0.3614651082027205,0.3395262681288206,0.34130011143903494,651503590.5555556,888662456.302935
2023-01-20,2023-01-21,0.3041848156748964,0.35389132880553914,0.2976686559688626,0.34754177464695635,299502662.8333333,786678931.5170307
2023-01-19,2023-01-20,0.29813351966539064,0.3081106378692167,0.29288175813379713,0.3040077656254443,408656055.2222222,769417951.9008298
2023-01-18,2023-01-19,0.3237936722978418,0.3393733341705088,0.297444051946092,0.2981829771637355,387024060,817654070.9151927
2023-01-17,2023-01-18,0.31842236112544753,0.3387542297009013,0.31440153663210524,0.3257709807789639,378433363,829287276.6274867
2023-01-16,2023-01-17,0.3261833302398548,0.33761491948078753,0.3119370275739622,0.3184830756082702,486344348.8888889,825876992.3606131
2023-01-15,2023-01-16,0.34809910778415815,0.34809910778415815,0.31688688752439836,0.32584864486484755,784121643.5555556,829701226.3842648
2023-01-14,2023-01-15,0.29293574454209165,0.35647586223240657,0.29293574454209165,0.34952278666622605,982902524,818602444.1193371
2023-01-13,2023-01-14,0.27262251786357306,0.3022927993646356,0.26859781166527424,0.29273362824460486,729057523.5555556,721895285.6503863
2023-01-12,2023-01-13,0.25620855171567986,0.2776930227725206,0.24728826108018953,0.27369720777467216,486925794.2222222,659829370.1810894
2023-01-11,2023-01-12,0.24294770698911,0.25638105500872016,0.23591442541001803,0.25638105500872016,213317118.44444445,612143520.1802754
2023-01-10,2023-01-11,0.23687498953160607,0.24583506972374286,0.23389446734831626,0.243049772867841,287430050.2777778,608343004.2621555
2023-01-09,2023-01-10,0.23684686247504097,0.24983242455695454,0.2342985232223568,0.23733419613317872,348914525.2777778,620454525.0737357
2023-01-08,2023-01-09,0.2273723834306297,0.23571373761741002,0.22328599115091063,0.23515590162455888,146659261.2777778,578565698.1719514
2023-01-07,2023-01-08,0.2210092576012806,0.2291271552552894,0.2210092576012806,0.22751104013119014,192045817.94444445,574096849.8975738
2023-01-06,2023-01-07,0.21606988436130475,0.2221675436692406,0.2128568269641845,0.2210634891985658,184954297.1111111,552733582.4595512
2023-01-05,2023-01-06,0.21858405676615592,0.22280109448420532,0.2146612577214806,0.21614860433746924,221473079.16666666,556191911.9160451
2023-01-04,2023-01-05,0.21407655113841467,0.22204364861759987,0.21171921452221532,0.2184673806117276,234815370.8888889,554230838.6007262
2023-01-03,2023-01-04,0.2103355065471008,0.21804985698390858,0.20871365441748313,0.21433823993590356,217888431.7777778,542989872.9796709
2023-01-02,2023-01-03,0.2006143715618534,0.21262755247792411,0.1976989789662451,0.20990556877094196,134130340.84892087,524117038.48667043
2023-01-01,2023-01-02,0.19971114840464732,0.2020390357276247,0.19882050932607312,0.2006143715618534,80330118.84615384,509411718.83420527
2022-12-31,2023-01-01,0.19888033311764108,0.2011002586730961,0.19693432060824312,0.1998680454648259,105557891.09163347,505879011.00904757
2022-12-30,2022-12-31,0.20150760038803756,0.201907390532227,0.19464304980856792,0.19885240206906732,154924817.41666666,506154021.4293902
2022-12-29,2022-12-30,0.19779739369007418,0.20260149828989946,0.19763263539634104,0.20170737509276085,182173202.2222222,511717897.66299736
2022-12-28,2022-12-29,0.2024240440434336,0.20359868727065655,0.19458865802137892,0.19773508907816556,171285552.83333334,509379196.398862
2022-12-27,2022-12-28,0.2052834092080531,0.2067537532926586,0.19923104935258357,0.20248380991695406,107577187.7106383,515643321.09688
2022-12-26,2022-12-27,0.20256447245602965,0.20639576033062745,0.20222656699534994,0.20545255986087543,109011510.43902439,520278485.3689829
2022-12-25,2022-12-26,0.20443797041236564,0.20443797041236564,0.1998052964203955,0.20263607571311695,86150914.14814815,514745699.6755803
2022-12-24,2022-12-25,0.20466376796100652,0.20609637396360633,0.20255074975038376,0.2045145186151949,112207661.68498169,519717318.22098964
2022-12-23,2022-12-24,0.20517534148908076,0.20813812700440215,0.20380106756304317,0.20467061250617283,164177859.75,523727685.97989285
2022-12-22,2022-12-23,0.2020838281187006,0.20478621478820716,0.19680230138751695,0.2046772934152083,135361167.33333334,514368506.143807
2022-12-21,2022-12-22,0.20340704847468344,0.20372025214253975,0.19858412456183422,0.20162906570082137,142417947.33333334,510901391.231108
2022-12-20,2022-12-21,0.19568488581277796,0.2064736051032383,0.19517937657332718,0.20354400771499848,225755961.55555555,516763263.72636616
2022-12-19,2022-12-20,0.20546127692824023,0.2080047168444977,0.192280484879649,0.1955738031921129,157363066.80555555,518420782.597852
2022-12-18,2022-12-19,0.20746234032286365,0.208362977364431,0.20317041695933633,0.20574206906635534,156695698.55555555,523640687.96332264
2022-12-17,2022-12-18,0.19733314562910761,0.2086996160092678,0.19724367296822143,0.20776348637523612,339923383.8888889,519684266.3677518
2022-12-16,2022-12-17,0.22844423353592905,0.2326730873507464,0.19379586883723454,0.19649371021561693,275973656.3888889,559753201.354884
2022-12-15,2022-12-16,0.24064026891736107,0.24202363201401741,0.22726726034830877,0.2279624108897705,322198423.8333333,599416341.0978564
2022-12-14,2022-12-15,0.24940064200371787,0.253556679836528,0.23894324729128155,0.24051267491883788,438172746.3333333,632984437.0657068
2022-12-13,2022-12-14,0.23383340154367036,0.25499017872911994,0.2253004033684361,0.24920462542333718,300481858.9444444,607627312.7989528
2022-12-12,2022-12-13,0.23373729486711228,0.23495276381093894,0.22684640220599772,0.23356250130810335,213472839.44444445,588410047.533258
2022-12-11,2022-12-12,0.23947683591738592,0.24388766887728225,0.23319660732416342,0.2343081723112565,128699069.47222222,610696293.2112952
2022-12-10,2022-12-11,0.24088177528883864,0.24362492479196354,0.23752741628477528,0.23938435872419692,224410273.7222222,612056939.8974425
2022-12-09,2022-12-10,0.23794241188576679,0.24459008684683528,0.23519888681337106,0.2406995934459761,280377621.4444444,611618319.0358746
2022-12-08,2022-12-09,0.2306176831268114,0.23808975328762366,0.22890175075463556,0.23808975328762366,310020109.82578397,593789488.3546147
2022-12-07,2022-12-08,0.2466096295364617,0.24738855845495686,0.22821786131599564,0.2307049862883967,310536147.1111111,600163125.0486013
2022-12-06,2022-12-07,0.25215404509755557,0.2582023049961326,0.2426936044218387,0.24681492820285794,526833261.6666667,632214570.344037
2022-12-05,2022-12-06,0.24169720626319222,0.2567340003331239,0.24069421778029676,0.25225175047074205,386632426.1666667,635330785.9224076
2022-12-04,2022-12-05,0.23720905458142166,0.24377601951200437,0.23693301375317583,0.2422626795624622,362911318.5555556,611919416.5935711
2022-12-03,2022-12-04,0.24544657963219635,0.2568444855779306,0.23668414737868157,0.23778410581307965,388710784.22299653,628385423.1620938
2022-12-02,2022-12-03,0.25452680301551905,0.25452680301551905,0.2403545535343492,0.2443880556748148,644827250.5087107,626009036.782757
2022-12-01,2022-12-02,0.24540410988275788,0.2597579960740734,0.23330851161685479,0.25301862232243755,706274009.7777778,620462623.4123759
2022-11-30,2022-12-01,0.21680597706530266,0.25217129989726017,0.21680597706530266,0.24630859399131713,668051202,608712849.1358747
2022-11-29,2022-11-30,0.20505363050563824,0.21974604631191363,0.1999475393496285,0.21698380771078093,504441945.6666667,543544531.2164541
2022-11-28,2022-11-29,0.18557029427898025,0.20512566857233736,0.17804320893948603,0.20385749477633305,221305638.17543858,488876129.9092991
2022-11-27,2022-11-28,0.1856944447240627,0.193922014524056,0.1854469722539599,0.18545832493364234,80377333.28979592,483631585.07104254
2022-11-26,2022-11-27,0.18584032558620445,0.19494574521383856,0.18351885380471292,0.1859984902512817,104722234.9503546,481056196.5246158
2022-11-25,2022-11-26,0.1840046167735538,0.18637730852518558,0.17837764242616777,0.18584032558620445,92219661.27586207,462997524.25742555
2022-11-24,2022-11-25,0.18416800935883662,0.18946020418384943,0.18130134188168906,0.18306965295423533,111086162.12014134,469763118.4263789
2022-11-23,2022-11-24,0.17700186757095035,0.18442548676632206,0.1760550091964214,0.1838096784711188,111498287.72027972,459468015.0669673
2022-11-22,2022-11-23,0.1689085029081186,0.1764960163820593,0.16476071477517723,0.17619904502940706,105053056.14440434,434637747.1559131
2022-11-21,2022-11-22,0.17155864069867507,0.17447893881247015,0.16549652107218452,0.16880952314637837,110677839.66197184,433024745.8755842
2022-11-20,2022-11-21,0.18370705061729103,0.18724381390454237,0.1705036114303026,0.17195129024819217,73024862.48333333,459303596.15171176
2022-11-19,2022-11-20,0.1811412999384526,0.18415330376588807,0.17653223322833753,0.1837315216847673,70311355.70562771,458979648.015457
2022-11-18,2022-11-19,0.17777981616727764,0.18219744113792638,0.17663102198683212,0.18077626093964097,90175268.44787645,457485662.3408306
2022-11-17,2022-11-18,0.1817928400092986,0.18320203008554872,0.17611358898531912,0.177673576608249,141387996.5381818,457987045.3584258
2022-11-16,2022-11-17,0.18778674392099765,0.19895796778718666,0.1796027868463397,0.18187238344023993,211974996.83333334,473831713.6040137
2022-11-15,2022-11-16,0.18135883138382533,0.19345572273836237,0.18015404563267984,0.18785917111986866,179501023.2222222,475898581.1920028
2022-11-14,2022-11-15,0.1805799742735362,0.18543987385268362,0.16963085518238524,0.18133818312321703,169305444.16666666,451476475.99015677
2022-11-13,2022-11-14,0.18392292497917853,0.18987957468808617,0.17680188877462621,0.1806141001090296,111500238.33215548,464963277.9084392
2022-11-12,2022-11-13,0.1974135583846017,0.1974135583846017,0.18275518589033085,0.1833507774234119,165374438.1388889,479143179.7851928
2022-11-11,2022-11-12,0.207796510598919,0.20783338628802853,0.18473894395989654,0.19732535277708835,251040097.16666666,503642582.41113025
2022-11-10,2022-11-11,0.17690922162056422,0.21321475647411095,0.1744322357040579,0.20781144821221975,434644543,501892227.4008364
2022-11-09,2022-11-10,0.21560501811112756,0.21825568552014998,0.16827176233557925,0.17620190985021522,537143360.7777778,505092738.8027847
2022-11-08,2022-11-09,0.2626960758196211,0.2734431199666839,0.1832247850595415,0.21493936285993193,429850643.4444444,611130675.1599429
2022-11-07,2022-11-08,0.2662609795907205,0.2712652299563336,0.25420586446086013,0.26396445505961363,324863118.8888889,672165883.4688257
2022-11-06,2022-11-07,0.28847088100394297,0.29048351923154353,0.26368960897093346,0.26725261782239956,466903101.3333333,718711160.7278752
2022-11-05,2022-11-06,0.2752948140942721,0.31323233259721883,0.2736950137022818,0.28764139474385475,743176910.8888888,745144491.1586947
2022-11-04,2022-11-05,0.2571553188032101,0.28833445141613323,0.2559208039027667,0.27522533282273764,1058248043.3333334,691456099.6517675
2022-11-03,2022-11-04,0.22039666818707626,0.2842938674991172,0.21937358039290514,0.25809730700566524,619213194.0555556,633939091.7447201
2022-11-02,2022-11-03,0.2309640047935467,0.23315865840289485,0.21632044227025682,0.220512909246975,184539363.5,574462225.9158341
2022-11-01,2022-11-02,0.2390999725520506,0.2425689590725305,0.23168802589438334,0.23220341683526802,265097419.6111111,604558348.183191
2022-10-31,2022-11-01,0.23756221182904422,0.24711484909277753,0.2291977268546558,0.23938480474521767,413556025.8888889,607519066.9115688
2022-10-30,2022-10-31,0.225658940586518,0.24604651213365575,0.22363371405728935,0.2379198257981019,249837470.05555555,591664766.549193
2022-10-29,2022-10-30,0.22521060778054589,0.2329862558937432,0.22262918274935964,0.22562390085815526,193034650.33333334,578754521.0279025
2022-10-28,2022-10-29,0.21650155664093515,0.22899122965352697,0.21146654406597012,0.22568663504669997,167481185.16666666,557973096.4650549
2022-10-27,2022-10-28,0.21947959932915448,0.22865925493763528,0.21521303761599125,0.2171311778480371,192262805.16666666,562994024.6513648
2022-10-26,2022-10-27,0.21132026144813418,0.2216393641530997,0.21087624361037297,0.21884554622213534,179291819,553332172.105779
2022-10-25,2022-10-26,0.2032729084433002,0.21525548010487294,0.2028026134644874,0.21196327627605538,123181234.16666667,527551670.06047314
2022-10-24,2022-10-25,0.20918882542920256,0.21078503662110024,0.20287128694326315,0.2032665618444171,151220736.19444445,523487187.3117999
2022-10-23,2022-10-24,0.2043894488256785,0.20970212613080555,0.20154003833850873,0.20895528432967253,132705174.49477352,521414232.7724406
2022-10-22,2022-10-23,0.204833908791266,0.20674288656497591,0.2023141937336934,0.20432812374550272,149447329.83333334,519945408.89030826
2022-10-21,2022-10-22,0.19940902934435303,0.2052466027070797,0.19406253910723006,0.2046141920809253,171614528.2222222,509365880.9050458
2022-10-20,2022-10-21,0.19883912405588833,0.20356163123289342,0.19716328191028065,0.19956681978929214,163002019.6111111,510973136.37637764
2022-10-19,2022-10-20,0.20859159719819273,0.20919927419367126,0.19829048640120545,0.19909691479390407,132735544.69444445,522554001.19076306
2022-10-18,2022-10-19,0.21228289965253755,0.21593734806818654,0.20454997552518944,0.20905518359712214,144103429.1111111,536477874.24373204
2022-10-17,2022-10-18,0.20699675429474293,0.21276984896991435,0.20533235178313325,0.21238621148836143,121195829.83333333,531695330.2432139
2022-10-16,2022-10-17,0.20215169944843417,0.20905836786763693,0.20215169944843417,0.20701537819305924,127552497.58885017,523251597.0545384
2022-10-15,2022-10-16,0.20231860045492622,0.20600055747220908,0.20080183561085616,0.20202533188728075,155868809.16666666,518035536.8232427
2022-10-14,2022-10-15,0.20565125512798746,0.21269919474316748,0.1997338655449267,0.20230373835825155,232209221.5,526344630.14298385
2022-10-13,2022-10-14,0.20763754086800293,0.20785243126880068,0.1891835474164539,0.20596674913815588,224863766.07665506,512237471.0771601
2022-10-12,2022-10-13,0.20501949239791506,0.2090303031144596,0.20496702438021033,0.20807271089666324,142357644.543554,527080903.5030531
2022-10-11,2022-10-12,0.2080232619591663,0.20825243770708773,0.20200692020707567,0.20487842525977057,222404880.3888889,524094295.9459358
2022-10-10,2022-10-11,0.2218866392583513,0.2256476755633734,0.2080038821380013,0.2080038821380013,156389023.97212544,555256458.1939518
2022-10-09,2022-10-10,0.22136287257418788,0.22245457613289427,0.21992319264058924,0.22192920414421277,111802091.75,563579295.463786
2022-10-08,2022-10-09,0.22248663131268584,0.22384339833513098,0.21898696496849743,0.22138269140219016,141941396.37630662,565624859.9353878
2022-10-07,2022-10-08,0.2220291673118155,0.22439256381594155,0.2211334446280649,0.2224397501104795,176710569.2543554,567112835.0789288
2022-10-06,2022-10-07,0.22614278126595574,0.22887877293524334,0.22066707758990117,0.22184090892166633,192053841.1111111,573007277.2560736
2022-10-05,2022-10-06,0.2275735018694853,0.2278100099007971,0.2208399704402509,0.22615890332739952,181868134.83333334,572029457.2617351
2022-10-04,2022-10-05,0.22357346072650772,0.22933479536606907,0.2227466951003844,0.2276816323137756,178834661.44444445,576556776.1626977
2022-10-03,2022-10-04,0.21775951369403326,0.2244051232177796,0.2156158744747033,0.22367043561238517,185825035.33333334,562181294.334807
2022-10-02,2022-10-03,0.22428891730651213,0.22501076571171738,0.21690439265285902,0.2175436344550487,151251479.8888889,565400406.0844922
2022-10-01,2022-10-02,0.22504586549559555,0.22690319430910133,0.22248427690422443,0.22407087605508336,173698847.1017544,572209565.465105
2022-09-30,2022-10-01,0.2277359350064483,0.231032485803156,0.22393902970528096,0.22509561584093193,203184887.66666666,577671326.1758268
2022-09-29,2022-09-30,0.22728830866198999,0.22986304778085476,0.22281368462373966,0.22791916584916622,202996087.7777778,578121898.8984137
2022-09-28,2022-09-29,0.22802106616746648,0.22949518848573744,0.21895900535509127,0.22721633177241282,240893588.40418118,572964392.8233684
2022-09-27,2022-09-28,0.2287565067638433,0.2374994351579323,0.22447501372558903,0.22777074632202224,217684152.7777778,590268181.195879
2022-09-26,2022-09-27,0.22441902997120078,0.22944762853879055,0.22093724073569446,0.22862199584363616,184262228.29268292,575583029.8512099
2022-09-25,2022-09-26,0.22819915683416192,0.2317321510344749,0.22184001026743994,0.2248015821682972,155825630.8888889,580495112.9611813
2022-09-24,2022-09-25,0.2338858177597637,0.23544556041329867,0.22772122613496085,0.2282070156222077,206540069.44444445,593007292.8375832
2022-09-23,2022-09-24,0.23277095351154165,0.2376618026888468,0.22446646996992883,0.2332247498824636,248444253.05555555,588580910.1951603
2022-09-22,2022-09-23,0.22045990088583067,0.23467187537801948,0.22017365867236915,0.23297943658665557,336609278.7222222,581559765.2513497
2022-09-21,2022-09-22,0.22602951544394476,0.2382640435147552,0.2161771013195256,0.22087401904997236,258106249.7222222,576904685.711179
2022-09-20,2022-09-21,0.23007602938745267,0.23252213030139388,0.22485684699723715,0.2258385211891034,240979143.9965157,581635699.1372858
2022-09-19,2022-09-20,0.2244358052764572,0.23124949419592655,0.2211528407228545,0.23064760843735024,304003760.3888889,576707596.6267434
2022-09-18,2022-09-19,0.25286690683985635,0.2540194321725821,0.2240761799849435,0.2240761799849435,181352481.44444445,626095111.2667062
2022-09-17,2022-09-18,0.24708725098742507,0.2532770444431143,0.24623558497981543,0.25306164203857046,203666403.55555555,633838223.2125397
2022-09-16,2022-09-17,0.2407503291458686,0.24775724117652745,0.2382707847870935,0.24685722421474104,248557004.55555555,618919959.0215118
2022-09-15,2022-09-16,0.2508628515420775,0.2508628515420775,0.23968528841934,0.2405039445505424,295767787.2777778,621753115.9465404
2022-09-14,2022-09-15,0.24785019234276665,0.2528722312385576,0.24374982863725203,0.25158095152491666,305503555.4444444,635805343.2232484
2022-09-13,2022-09-14,0.2695184375778063,0.27479356908665287,0.24750454880405148,0.24842668615310023,313971505.8888889,665428952.8071352
2022-09-12,2022-09-13,0.27286587598182044,0.2855382815982262,0.263571790438084,0.2694858519762448,249923429.55555555,695850897.572663
2022-09-11,2022-09-12,0.274729436698582,0.2796888303368579,0.26740963653186994,0.27305096382722643,185174011.44444445,696112886.1563531
2022-09-10,2022-09-11,0.2733262262572964,0.2864986164599491,0.2709844174584195,0.2748853675946919,259839879.55555555,701583379.2393303
2022-09-09,2022-09-10,0.2531338394492215,0.2756724709785891,0.2531338394492215,0.2724738551541316,192576181.33333334,675632976.2538651
2022-09-08,2022-09-09,0.2538583965267517,0.25722345181184414,0.2482256421794245,0.2528436175498424,162329766.5,644238527.3372811
2022-09-07,2022-09-08,0.2448436927630001,0.2572541909883553,0.24164088829628064,0.2538272250375743,175785956.83333334,632944362.0856119
2022-09-06,2022-09-07,0.26461347565871,0.2720905237548094,0.24432550740973968,0.2447444001638305,157725320.3888889,668220774.5199006
2022-09-05,2022-09-06,0.27350428312843555,0.27627919794626515,0.2606107721946732,0.2648979254298245,108167420.95238096,676063915.4913306
2022-09-04,2022-09-05,0.2667922610791717,0.2736896687981739,0.2662026313216462,0.27350428312843555,77382497.14285715,687492577.9509866
2022-09-03,2022-09-04,0.2697609654937559,0.2711119791631955,0.26525069800186646,0.2667922610791717,131420486.9774436,684214930.3889459
2022-09-02,2022-09-03,0.2728473871578127,0.28041188950908025,0.26667946021993993,0.2691547252951887,161458117.184669,692926036.4710094
2022-09-01,2022-09-02,0.2737708628522505,0.2761448247587032,0.26381315875124395,0.273123412153996,162297858.2777778,689131283.678059
2022-08-31,2022-09-01,0.27419702905512383,0.2865607561972164,0.2730639952324835,0.27374174684462227,172940910.55555555,714538178.4406419
2022-08-30,2022-08-31,0.282460763575607,0.2881990533349372,0.26845972133488294,0.2739262500606189,184142794.4250871,709765361.9395845
2022-08-29,2022-08-30,0.2664671468157432,0.2844400940299122,0.2602474504797893,0.28246331298564265,171445083.5400697,692379998.7045311
2022-08-28,2022-08-29,0.27462939077258613,0.3036172150903068,0.26747211540739046,0.26747211540739046,144334465.44444445,700703915.252225
2022-08-27,2022-08-28,0.2743263254050995,0.2783479564118759,0.26773253146500414,0.2751516673692568,233429560.2777778,697170352.203895
2022-08-26,2022-08-27,0.3075679187739559,0.30774268095646506,0.2717923236841454,0.27325971729512666,205393815.6111111,749530850.6187825
2022-08-25,2022-08-26,0.3023747386651862,0.31766349690763207,0.3023747386651862,0.3073256017504515,185774478.55555555,787046763.8434309
2022-08-24,2022-08-25,0.30603252040855133,0.31173089995760594,0.2952738976856248,0.3031939547344505,176093690.44444445,773993534.1447527
2022-08-23,2022-08-24,0.2970392061601599,0.3076217724962188,0.28926910300534453,0.30574311821505007,173740639.6111111,767958694.6181283
2022-08-22,2022-08-23,0.3075575181712432,0.3075575181712432,0.2860091423839976,0.2970754194843838,160152593.55555555,749910160.2216661
2022-08-21,2022-08-22,0.2982978814038307,0.30993341633595867,0.2980793362263608,0.30684829045096224,184619804.5,774131519.3900162
2022-08-20,2022-08-21,0.30054399362696005,0.31243421766168566,0.2897818953055885,0.2986845787196386,251481420.04181185,774049773.9407868
2022-08-19,2022-08-20,0.33103641092950303,0.332003000525964,0.29858628911903584,0.30114121997104687,277155566.4444444,790055211.7069849
2022-08-18,2022-08-19,0.34871100435760805,0.3621305021989408,0.3311408786864678,0.3318773733932213,195865941.55555555,898916972.0976328
2022-08-17,2022-08-18,0.368396496448423,0.3803400835141159,0.3448420548670004,0.34685316887142725,213077872.66898954,923351504.4649314
2022-08-16,2022-08-17,0.3717596865333726,0.3781824816273755,0.3658532394696633,0.369220224222376,208816809.2777778,944020417.8629365
2022-08-15,2022-08-16,0.3871938311666277,0.40432304155638094,0.3675078803117482,0.3730762476800854,224399643.8888889,976705984.4712696
2022-08-14,2022-08-15,0.4008635061976433,0.410376873683285,0.3827042946035466,0.38812178544823545,187106622.2222222,1015284681.9885226
2022-08-13,2022-08-14,0.40287665252225785,0.4173118642629506,0.3971111505704589,0.4010704498084002,225828072.6111111,1029283548.8655453
2022-08-12,2022-08-13,0.3920442173913587,0.4053405612383192,0.3868225896335166,0.40366465675297386,236351901.3888889,1009061866.6349659
2022-08-11,2022-08-12,0.4091739699596609,0.41267707266237486,0.38979916579679913,0.39217495556984056,346888316.2222222,1019062469.2784715
2022-08-10,2022-08-11,0.3721965218141015,0.4145789757732952,0.3578112533267669,0.4074438603601129,478422848.7777778,991208821.1175308
2022-08-09,2022-08-10,0.3800731850969664,0.39371467466034177,0.35362724681283736,0.3731315891513663,488489691.2986111,951311690.0732678
2022-08-08,2022-08-09,0.37139012591384624,0.3918967066553026,0.3711363721496018,0.3801839475942556,381311434.2222222,970333550.6374046
2022-08-07,2022-08-08,0.3669228124804044,0.3780647901986461,0.3583246440158104,0.3706480402449994,339231797.3333333,937874708.577496
2022-08-06,2022-08-07,0.3816333254940056,0.388101149735424,0.36365772170633953,0.3666444579564277,444171707.3333333,954575326.6353351
2022-08-05,2022-08-06,0.3662764484262512,0.3858910309202959,0.3624020616008819,0.38003395832974174,720484212.6666666,954559063.4399583
2022-08-04,2022-08-05,0.3379650938570354,0.3699925342482603,0.3379650938570354,0.3669269655866251,534717873.7777778,905671659.3806822
2022-08-03,2022-08-04,0.3297799084042708,0.3486545546374969,0.3184960051836614,0.33745482414685213,381431808.7804878,858453109.4739788
2022-08-02,2022-08-03,0.34331161984969794,0.3486278844755194,0.3192520756426173,0.33035826590623324,438845467.4444444,843723445.4288144
2022-08-01,2022-08-02,0.32942552607950704,0.34600119361602416,0.32467366111274976,0.3432084055246125,413024436.4444444,857443474.7654692
2022-07-31,2022-08-01,0.33483791581995453,0.354036680350556,0.326355047058421,0.32912085141683417,477210797.3333333,873354307.213299
2022-07-30,2022-07-31,0.3350725665385623,0.3604107562009584,0.3327285177292187,0.3352216694877318,510506944.3333333,880152960.2312906
2022-07-29,2022-07-30,0.33773565348952533,0.3520239071958403,0.3252258238804868,0.3340642854674271,536363640.7777778,861853711.2372756
2022-07-28,2022-07-29,0.3314477259426464,0.34438517616325776,0.3170219573394357,0.33768776589468846,512865632.1111111,841490287.4463325
2022-07-27,2022-07-28,0.30316749987160413,0.3303981470181923,0.2939881674746805,0.3303981470181923,396593312.33449477,778177910.998458
2022-07-26,2022-07-27,0.3035758329528543,0.3036794306763934,0.2884847390290602,0.3018172388950749,468800819.8466899,755921684.0468738
2022-07-25,2022-07-26,0.3581025587439292,0.3581025587439292,0.3045800902636717,0.3045800902636717,662496160,820252383.3814707
2022-07-24,2022-07-25,0.3429816913916384,0.3649426181631783,0.33085927381639235,0.3590358251487404,624916659.8466899,874163661.6779149
2022-07-23,2022-07-24,0.3190173946466117,0.3544092492388859,0.315451134739286,0.3429338785316061,611144038.3776224,860030362.7898942
2022-07-22,2022-07-23,0.3328414147502561,0.34252698782388274,0.3135890495030195,0.3200869334813583,582026302.9965156,835155772.5582353
2022-07-21,2022-07-22,0.3104083603571264,0.33453491881596387,0.2955860836766452,0.3311303828690544,702448156.6666666,799667789.230773
2022-07-20,2022-07-21,0.3401816246401851,0.3567437742994547,0.30780194149232126,0.3101705052230948,1082397367.5261323,849181571.7037752
2022-07-19,2022-07-20,0.2980555731807316,0.3464372843117978,0.28804308760265324,0.34162978120878595,992335084.4444444,827324720.6582097
2022-07-18,2022-07-19,0.2551368494612443,0.29697446138588507,0.2544057517159331,0.29697446138588507,392698906.4166667,705691121.8425815
2022-07-17,2022-07-18,0.2632003418210586,0.2717835940143813,0.25551116931732915,0.25551116931732915,277442824.1666667,667499273.327486
2022-07-16,2022-07-17,0.25645370914630783,0.2647281429613907,0.24820195743299509,0.26277986017536764,290754390.6666667,648353003.2973732
2022-07-15,2022-07-16,0.2533757714097032,0.2635629569817881,0.2496046258523088,0.2564018238723202,349535233.3379791,654252024.0991282
2022-07-14,2022-07-15,0.2464869584090688,0.2540897008757808,0.23538855999929015,0.2539070964551636,329574815.2222222,618903194.6613791
2022-07-13,2022-07-14,0.2339870428761414,0.2446082801472085,0.2233259059962238,0.2446082801472085,267937238.94444445,597814973.4453387
2022-07-12,2022-07-13,0.24345189387096783,0.24953202496328225,0.2341376619409276,0.2341376619409276,253899674.2777778,620992734.4445771
2022-07-11,2022-07-12,0.26624675714102364,0.26636505402317423,0.2425299715509464,0.24396811105436952,238697449.8888889,660895506.822605
2022-07-10,2022-07-11,0.28091325469616807,0.28177282494095995,0.2622129649434161,0.2663993846843337,225302513.83333334,686878518.4361255
2022-07-09,2022-07-10,0.2723084068821331,0.28676308505552256,0.2720247580771107,0.2811994182253987,301434498.5555556,713982648.1724799
2022-07-08,2022-07-09,0.2759615723636869,0.2912269523555168,0.2678381671386396,0.27498530470284144,396456151.19163764,706859170.3568109
2022-07-07,2022-07-08,0.2617370894841096,0.28069050129848505,0.25917325840803673,0.2762200419368967,282660162.8333333,678863840.7923478
2022-07-06,2022-07-07,0.25882985592838426,0.26505954032075785,0.2511190086298028,0.26191683342788297,349962040.43636364,654446991.6997571
2022-07-05,2022-07-06,0.26436261759176555,0.2722791947245731,0.2475857908335514,0.25812208293247,351732937.1748252,660564745.9893793
2022-07-04,2022-07-05,0.25706070208964243,0.26583718390614164,0.24980010416264667,0.2651320021793836,307006831.4444444,653419194.7564044
2022-07-03,2022-07-04,0.24559631288697936,0.2642535429131488,0.2430066320415231,0.25701084987503064,223179718.44444445,634657802.4666265
2022-07-02,2022-07-03,0.24624807313830285,0.24918942806914143,0.2372247352311486,0.24530457528736016,281767553.6666667,618663158.4078656
2022-07-01,2022-07-02,0.251955444607613,0.2614864002690989,0.24433394798855365,0.24625772184109704,415330199,637183710.4205161
2022-06-30,2022-07-01,0.25996626796508804,0.2624178982749602,0.23692748574290337,0.2512490615002084,389139614.8888889,627008286.4787644
2022-06-29,2022-06-30,0.27063494030712704,0.27821109786729803,0.2547238405839332,0.25917192285458496,392291240.1393728,673857957.2283483
2022-06-28,2022-06-29,0.27528252346858634,0.2925117447157692,0.26910868990945136,0.27025390861809845,382957223.3333333,709693703.8926296
2022-06-27,2022-06-28,0.2783033768555632,0.29461170197840386,0.2737661150500104,0.2755535808346034,407919300.3333333,721158920.6666225
2022-06-26,2022-06-27,0.3060857551288273,0.3144288114699358,0.2783758045527947,0.2784244520283303,486198535.2222222,764750070.1691451
2022-06-25,2022-06-26,0.3002559720166727,0.31551183278735084,0.2884521233717579,0.30149026091089765,617228972.6666666,765484003.4805106
2022-06-24,2022-06-25,0.2722105881974141,0.30667745511225625,0.27036759738902805,0.30667745511225625,482043090.8888889,712566102.3505268
2022-06-23,2022-06-24,0.25174503919456426,0.2745859452790785,0.25174503919456426,0.2730688745780769,485574961.7777778,675197244.0726835
2022-06-22,2022-06-23,0.269564022218311,0.27436980835672353,0.25109801487311323,0.25226676895363553,526270682.4444444,665472787.7734975
2022-06-21,2022-06-22,0.2519003160759674,0.29368231055258553,0.2490326190047758,0.26884207510905134,562632425.1927273,690272719.9858747
2022-06-20,2022-06-21,0.2424156996324948,0.2665292631481717,0.2343401691685456,0.25372732488656424,549230488.4444444,633135461.2423021
2022-06-19,2022-06-20,0.2196336472005832,0.2428928887835128,0.2119371762625641,0.24259755322971377,644623982.6666666,576705497.1627355
2022-06-18,2022-06-19,0.24085957140029304,0.2468282189902791,0.2055379340632458,0.2197176991384811,520088695.5555556,572226570.3561144
2022-06-17,2022-06-18,0.22248496516928365,0.2456892964895961,0.2218060353521457,0.24124027652362948,747943129.1111112,605000094.1451014
2022-06-16,2022-06-17,0.25577375773788835,0.26053377473934675,0.22028219995031484,0.2224164935233724,1110605326.71777,601208602.1981215
2022-06-15,2022-06-16,0.23393048557449792,0.2536534633343409,0.2105342047537536,0.2536534633343409,1082622735.3333333,580062847.1240155
2022-06-14,2022-06-15,0.23778971424337603,0.25566473513225046,0.22228924753406543,0.2349446322344538,1645904911.2701755,607103031.9494914
2022-06-13,2022-06-14,0.2228019236453392,0.24282020433474133,0.19599832647783624,0.2342528394334864,1510059388.867133,551394091.406417
2022-06-12,2022-06-13,0.276635437656947,0.2807026078968025,0.2244189074456335,0.2244189074456335,936231428.6666666,632811703.541067
2022-06-11,2022-06-12,0.3070758024969245,0.31721424994074204,0.2747633882007316,0.2765278876849378,612560173.3333334,757380231.4035325
2022-06-10,2022-06-11,0.33581568852793414,0.33921423597547323,0.3064737517649335,0.3064737517649335,554358686.1111112,824192835.7881031
2022-06-09,2022-06-10,0.3376668183631075,0.3504850674990234,0.3295222415510511,0.3359230837849994,529018317.3614035,862528639.8744336
2022-06-08,2022-06-09,0.3508155655106406,0.3587791853235897,0.3374165549170434,0.3374165549170434,628511119.7746478,884390591.367114
2022-06-07,2022-06-08,0.3650732914225851,0.3650732914225851,0.33781292768041193,0.3512990189176907,704019500.2222222,885420114.8543099
2022-06-06,2022-06-07,0.3520056915364261,0.385618575288867,0.3501331426470044,0.3650773186625278,672412426.6666666,942776105.2348596
2022-06-05,2022-06-06,0.3542964147686739,0.357762724886538,0.34275543548082393,0.35091154806089464,511502205.5555556,891781459.5147523
2022-06-04,2022-06-05,0.35566307286198334,0.3571199418335269,0.3423604372915156,0.35460280824729995,599251280.6666666,891416009.9861057
2022-06-03,2022-06-04,0.37945472081278986,0.3827957741401604,0.3497541225936576,0.3561485249259608,706153184.8888888,924235945.3553989
2022-06-02,2022-06-03,0.3666610324534279,0.3826660042041965,0.35415379499680083,0.37940043028235,894159656.2222222,936115419.4059182
2022-06-01,2022-06-02,0.4030359330987026,0.4092962823917373,0.3621264374564604,0.368074200781515,937818134.9052632,989102807.1890312
2022-05-31,2022-06-01,0.41492595599368925,0.4293094273050935,0.3901454838978927,0.4045260111243245,1125176269.7777777,1037364713.4544625
2022-05-30,2022-05-31,0.3685695487345355,0.4217442859658446,0.3621179634743099,0.4140832398018076,1021788021.7062937,1004598178.6282073
2022-05-29,2022-05-30,0.3718661939556239,0.3754943835170742,0.3531602846691331,0.36760932863872814,818383927.5555556,927512882.268557
2022-05-28,2022-05-29,0.34250817531041083,0.3740092945290592,0.3407517249572597,0.3730660045200756,1180588671.3333333,912930074.7719655
2022-05-27,2022-05-28,0.3771414966351184,0.37945263110765415,0.3371967901548534,0.34179180924548713,1665036100,906896869.0580957
2022-05-26,2022-05-27,0.4021227293488977,0.4152555944861635,0.34512224092032945,0.3806615887724714,1531874577.7777777,978677468.2799394
2022-05-25,2022-05-26,0.4229181235782688,0.4341282630636884,0.400880638759109,0.400880638759109,1741068388.8888888,1050105806.591731
2022-05-24,2022-05-25,0.4331821943630731,0.45354045827633377,0.3991798333135432,0.4225099735636916,2614153473.3333335,1085172036.9981422
2022-05-23,2022-05-24,0.435499748242141,0.5131420668500292,0.4191144124049333,0.4335338332157307,2649800335.163763,1198883803.5349092
2022-05-22,2022-05-23,0.4120396461325411,0.4526158671173091,0.40197122785307793,0.43944234415700506,2502191913.7777777,1080463071.2182798
2022-05-21,2022-05-22,0.3514109504330685,0.45342303396548594,0.3489805052128964,0.4117211126049608,1706863631.5555556,975291664.0667014
2022-05-20,2022-05-21,0.3503523968997232,0.36027519998936286,0.32326825136643944,0.3530755187641942,1116790655.7777777,877887290.6902314
2022-05-19,2022-05-20,0.31707058081126616,0.354247962980858,0.30360765212463064,0.35057050670964285,1139575539.020979,837545742.9199531
2022-05-18,2022-05-19,0.35828535970125136,0.36868788306115385,0.3165483885998279,0.31731400258481424,1192629802.815331,872801666.7602181
2022-05-17,2022-05-18,0.33206913793204823,0.3777590514243507,0.33206913793204823,0.35831907883241326,1110584567.5555556,903533039.1604291
2022-05-16,2022-05-17,0.3937081077335789,0.3937081077335789,0.3335611677306112,0.3335778353213184,984606092.8888888,900202368.5775253
2022-05-15,2022-05-16,0.37500652145528846,0.3983299030718951,0.3478869973550566,0.39528441179356816,1135726609.5555556,935542222.6956992
2022-05-14,2022-05-15,0.32993390374771664,0.3818048290483205,0.29693876415519244,0.3818048290483205,1160409076.4444444,826890498.8673748
2022-05-13,2022-05-14,0.2966569470300376,0.42473549626947527,0.28788856474111846,0.3285789280894986,1596644018.6666667,910003242.2991749
2022-05-12,2022-05-13,0.30491495983749833,0.32957418258028903,0.23804718174666936,0.29635837559588524,2035033925.7777777,703054962.1871444
2022-05-11,2022-05-12,0.5320684113192593,0.5492010137883531,0.27979998163436703,0.30027950712434515,1631015626.4808362,1063122007.6326747
2022-05-10,2022-05-11,0.5412499864601622,0.6127103216759908,0.5185303919164298,0.5352048381747769,1720758092,1456871806.5161366
2022-05-09,2022-05-10,0.677114644662725,0.6885015832028945,0.5420913343542539,0.5497396830065372,1042831690.1408451,1584992396.107311
2022-05-08,2022-05-09,0.6836019571803919,0.705942878837925,0.6623471765617954,0.6721034419746575,824318786.6666666,1741154799.6080177
2022-05-07,2022-05-08,0.7246946399015051,0.7291379555549025,0.6660625141809018,0.6857320175965903,935686336.6666666,1804342332.859889
2022-05-06,2022-05-07,0.742604851547994,0.7443139538471871,0.697243272676689,0.7260647592356628,1281107243.5555556,1846662521.178917
2022-05-05,2022-05-06,0.8590242263047745,0.8713087927211627,0.715614947895476,0.743458122552056,1274900360.0278745,2064995576.7333696
2022-05-04,2022-05-05,0.7505750173647936,0.865377166018893,0.7463858760912985,0.8615569361761166,1191873052.8,2013054553.5702336
2022-05-03,2022-05-04,0.7732407642814382,0.8088517947630193,0.7449908485695528,0.7509953660039866,1683970620.8888888,1982617991.7959628
2022-05-02,2022-05-03,0.7837414230488178,0.7991276860541185,0.7372993215659219,0.770367060379046,2173428028.2934365,1959427334.2824628
2022-05-01,2022-05-02,0.6843849695287134,0.7883219959074633,0.6641465175896366,0.7883219959074633,2093952630.8243728,1811430285.680193
2022-04-30,2022-05-01,0.8343392263523584,0.8527639960643837,0.66052652907148,0.6838882724434344,1158066274.6666667,1998316816.9444737
2022-04-29,2022-04-30,0.9703799161689248,0.9785721903800352,0.8143482810450646,0.8326146080860747,684793007.5555556,2331906564.003659
2022-04-28,2022-04-29,0.987762856298833,1.0151813675303492,0.9662722083299314,0.9689658372681004,602160419.3566433,2512391564.1643753
2022-04-27,2022-04-28,0.96981270749962,1.0141504174133054,0.9667143252469148,0.9862819386179232,801621110.6666666,2517671569.6959577
2022-04-26,2022-04-27,1.0729849097497486,1.082843774937341,0.9614813304160778,0.964608220907154,761014799.7777778,2627687045.0860543
2022-04-25,2022-04-26,1.0710286809588692,1.0726320509726914,0.9871129963529164,1.0726320509726914,685278739.7351916,2624222437.1196914
2022-04-24,2022-04-25,1.0908049124360517,1.1001181389500336,1.0674973832285295,1.069935573367507,338817546,2767109814.8826337
2022-04-23,2022-04-24,1.1124144236670397,1.1215255158855033,1.0850591857196266,1.0906298004514303,489943780.5555556,2815848957.68468
2022-04-22,2022-04-23,1.1155432972587234,1.1488002360660223,1.100638254668534,1.1128214836008736,749007580.6433567,2858014641.3003125
2022-04-21,2022-04-22,1.176364667949631,1.208926655371937,1.1038109935227822,1.1161850447120616,677755962.4444444,2987990283.000252
2022-04-20,2022-04-21,1.1859844764749772,1.2287058829634407,1.1630145787282633,1.175789003170463,705771162.0905924,3023560423.082273
2022-04-19,2022-04-20,1.1412112638972682,1.189760921572986,1.134192560878261,1.187646086246236,736200744.5853659,2945439854.550684
2022-04-18,2022-04-19,1.1154569021504936,1.145185727819683,1.0629604125583867,1.145185727819683,748419234,2808508906.412757
2022-04-17,2022-04-18,1.1551685664305202,1.1658501620835828,1.1091651484411833,1.1125032867046107,374663030.2222222,2925387973.748211
2022-04-16,2022-04-17,1.1790858048201374,1.181061670806716,1.138632192206127,1.1560447629977308,394870492.1111111,2959547761.1383243
2022-04-15,2022-04-16,1.1524236866641286,1.1828627456792111,1.1514190989442843,1.179277683367211,599692066.5555556,2973271406.756072
2022-04-14,2022-04-15,1.1927111353381912,1.2223122574528549,1.1368522895853457,1.1505990922403695,698808437.6849817,3018624749.977871
2022-04-13,2022-04-14,1.1630921158358056,1.2034904295764226,1.141816277520097,1.196394089307129,772266942.8811189,2988573960.4080615
2022-04-12,2022-04-13,1.1191774971978985,1.1869226367251302,1.1130371991227253,1.1659740049187557,1025391404.2869198,2932998282.963876
2022-04-11,2022-04-12,1.2545704196921776,1.2545704196921776,1.108036152261478,1.1134297489468494,899588406.2064056,2997105837.9105577
2022-04-10,2022-04-11,1.3009968540771362,1.3009968540771362,1.3009968540771362,1.3009968540771362,563980544,3311045154.7795773
2022-04-09,2022-04-10,1.247760746691985,1.2985668548163956,1.2472981317482414,1.2985668548163956,768589798.4444444,3226705842.797683
2022-04-08,2022-04-09,1.347313436313572,1.3751005468148232,1.2378002539354231,1.2494097830015096,863635650.2299652,3379427557.4096174
2022-04-07,2022-04-08,1.305429858766821,1.3792446049203586,1.284001914567619,1.3518274815357183,1253022222.2222223,3388496650.34397
2022-04-06,2022-04-07,1.4483529803388555,1.4546192218001643,1.3016339177546097,1.3016339177546097,1337616440.641115,3530154321.1460176
2022-04-05,2022-04-06,1.551136439508188,1.5776702651055845,1.4491239096397626,1.4496647903347015,1096092342.4444444,3890269576.6831503
2022-04-04,2022-04-05,1.6271379110996194,1.641149050343135,1.4891728294803857,1.5514081510412578,1270793322.2222223,3995024214.681584
2022-04-03,2022-04-04,1.5360171047226692,1.649174420457425,1.524385939764089,1.6247734615636922,1520671702.6666667,4030584614.501067
2022-04-02,2022-04-03,1.5875128097226248,1.6774606347128005,1.5326712463641632,1.5326712463641632,2412896084.4444447,4112618666.18893
2022-04-01,2022-04-02,1.4304140630203663,1.6076273355729471,1.4216298518922164,1.581992250045049,2783127826.731707,3877706439.926749
2022-03-31,2022-04-01,1.4085571326607913,1.5256643260673823,1.4050796324036403,1.4232330785148293,1372544069.7979095,3688488302.902783
2022-03-30,2022-03-31,1.41638329601309,1.4538451989439496,1.3713914735769084,1.4119177792781743,1090761134.2222223,3604779994.2126307
2022-03-29,2022-03-30,1.3975201797375625,1.47505224073483,1.3869248260338198,1.4182469963777822,1235576083.5555556,3655592286.381271
2022-03-28,2022-03-29,1.4305159896713402,1.4817707241375049,1.3843356057746097,1.3843356057746097,1074227580.2222223,3696804039.0790153
2022-03-27,2022-03-28,1.4000208251423043,1.4321711557485337,1.357393347162159,1.4315584402367458,803087861.7777778,3540817898.11067
2022-03-26,2022-03-27,1.350246003906308,1.4078570525917853,1.3377158964271476,1.3997381496241208,1351343007.1111112,3497927502.755465
2022-03-25,2022-03-26,1.3171112800470886,1.4306237801025132,1.3051293037077236,1.3524587561194914,1226278262.4444444,3441971473.626164
2022-03-24,2022-03-25,1.3052960138575869,1.343174886715622,1.296161661224762,1.3150100172992727,950053022.8888888,3364995482.100037
2022-03-23,2022-03-24,1.27303979791608,1.3135111613310786,1.25827070106218,1.3080123251834694,830325528.7526132,3265864848.2739673
2022-03-22,2022-03-23,1.2587858557781335,1.3238638204860618,1.2517476044238467,1.2736321593661406,1109481853.1111112,3300397463.4757504
2022-03-21,2022-03-22,1.250612089625606,1.304525985517641,1.2036483036160657,1.2598970159236156,955170133.7777778,3204063265.258237
2022-03-20,2022-03-21,1.315952107715994,1.34229963166953,1.2500975427923189,1.252139826589307,1046548311.5555556,3259992922.5573483
2022-03-19,2022-03-20,1.2447297161748985,1.34391979558256,1.243503806559332,1.3161600349077371,1345794702.6666667,3318461580.2579665
2022-03-18,2022-03-19,1.2037846459827206,1.2764652217332482,1.1730106099257318,1.2446168440084855,1025346011.7777778,3096295547.3627324
2022-03-17,2022-03-18,1.2697732444885528,1.2700351504308391,1.2007349566719538,1.203234001259437,1783607253.3333333,3142232966.2396197
2022-03-16,2022-03-17,1.2000770524401911,1.279618297746222,1.1410262283356551,1.279618297746222,2618620436.4444447,3042393759.4437313
2022-03-15,2022-03-16,1.0844268682167235,1.2331862222779495,1.0395953475847808,1.2007163467555106,1681643519.1111112,2805177720.7419786
2022-03-14,2022-03-15,1.1181490740443896,1.1212730193726983,1.0397089802478996,1.080944762396924,1275664000.4444444,2779096668.29074
2022-03-13,2022-03-14,1.1854820810077469,1.2042781574924997,1.1177447846967483,1.1204076638801428,813283991.1111112,3007950342.7767286
2022-03-12,2022-03-13,1.1993966013440174,1.271197451974014,1.1871062029686306,1.1871062029686306,1486452911.3333333,3105636044.0451317
2022-03-11,2022-03-12,1.2395525007582908,1.262914575769708,1.1486012252914135,1.205298422132654,1911036278.2222223,3059768079.9923005
2022-03-10,2022-03-11,1.3675675019491222,1.3720153564665176,1.2248513764269606,1.2400061802911335,1729403156.8888888,3243148336.506221
2022-03-09,2022-03-10,1.3255318525445654,1.4339247178376755,1.3217262678546835,1.3692324626362782,1999551066.2222223,3519150547.4235296
2022-03-08,2022-03-09,1.3187315822487462,1.386622576552674,1.3119217092249402,1.3222899663785217,2600497950.6666665,3419156680.951526
2022-03-07,2022-03-08,1.410458685589598,1.464489502980996,1.2964061649667695,1.31654929072253,3373576666.6666665,3483983063.5917306
2022-03-06,2022-03-07,1.6898902099279618,1.7079530577482849,1.389630182348324,1.4146124022189597,1815636613.5555556,3884647834.3733487
2022-03-05,2022-03-06,1.660107086635456,1.7024503253219598,1.612641959498454,1.6956427416712363,1513469423.0250895,4227962617.2609835
2022-03-04,2022-03-05,1.8721835787225456,1.877205408828872,1.6415465698668648,1.6565580833168136,1822263585.6842105,4489089323.215791
2022-03-03,2022-03-04,2.011234443972642,2.011234443972642,1.820053007672724,1.8684425369972968,2349890353.0592337,4829464162.745272
2022-03-02,2022-03-03,1.8288495102153797,2.0697105012853343,1.7864528627460103,2.0097471940239493,2340141779.111111,4990732785.36104
2022-03-01,2022-03-02,1.784003116357201,1.9435121835694555,1.784003116357201,1.831603056990769,2072860708,4711563843.632457
2022-02-28,2022-03-01,1.584276585879014,1.782671942897324,1.5475288883051848,1.7801792149511966,1706536763.1111112,4165434427.760538
2022-02-27,2022-02-28,1.7688656064804873,1.7920118583556883,1.5741842599858429,1.5878380858991068,1625996768.8888888,4287173710.029307
2022-02-26,2022-02-27,1.7219770203850773,1.815752232241276,1.666733397976353,1.7701637740815857,1776208108.8888888,4408158207.448375
2022-02-25,2022-02-26,1.4896931009846668,1.7221052817127638,1.4691220298045615,1.7221052817127638,2291171031.5555553,4016341193.3661237
2022-02-24,2022-02-25,1.5716097196123509,1.5856154875868609,1.3048501468545473,1.4923061244121676,2017102772.8888888,3620057838.7500687
2022-02-23,2022-02-24,1.6124896817993375,1.7249847269941947,1.579873249079314,1.5807013854258654,1319080084,4187031965.905886
2022-02-22,2022-02-23,1.5409139009146011,1.6110342352967562,1.4853736630007082,1.609575062973517,1679695306.2222223,3942645925.4063644
2022-02-21,2022-02-22,1.7236846622481252,1.8081810935333693,1.5368993335944583,1.5368993335944583,1155548114.2222223,4393435142.25857
2022-02-20,2022-02-21,1.8742998718669877,1.8772572705579424,1.680763973845134,1.7269525702090884,822991340.6666666,4459958142.614584
2022-02-19,2022-02-20,1.864628275258112,1.9090908100624508,1.8133262796354588,1.8790076061902297,744663026.2222222,4755005266.306916
2022-02-18,2022-02-19,1.8990303453899824,1.9655951986167453,1.8502014943014704,1.865686154006453,1087543455.8885016,4860679016.480685
2022-02-17,2022-02-18,2.067143713165267,2.1442270679448234,1.882969460763101,1.886846941832781,1114576097.5555556,5125433213.128723
2022-02-16,2022-02-17,2.0889334458927533,2.113568394825567,2.0060373014675776,2.070022984479979,960897714.174216,5244181381.985331
2022-02-15,2022-02-16,1.9285557985804556,2.093422144967014,1.918060466836813,2.088626785403852,1109399195.5555556,5155509292.052707
2022-02-14,2022-02-15,1.8907299068976129,1.9605951819466856,1.8229709155696727,1.9317962858621995,852091418.9473684,4798487767.101579
2022-02-13,2022-02-14,1.9491907742876424,1.9870465893766585,1.8894333613234195,1.9022973793249285,813151179.1111112,4936344803.489295
2022-02-12,2022-02-13,1.9389919087196268,1.9904903015605824,1.8871821287455584,1.9456274465681704,1108572141.1111112,4921884761.489588
2022-02-11,2022-02-12,2.1033359077028164,2.175673523642243,1.91813782745171,1.9376779679148883,1173662124.8888888,5314888617.929989
2022-02-10,2022-02-11,2.2563583448688758,2.262431388226494,2.097722397590893,2.1113641400311294,1077316857.1111112,5592052763.8619995
2022-02-09,2022-02-10,2.204767331309415,2.2835196474174086,2.1410524908441846,2.251912476286631,1302117711.3333333,5654104055.440279
2022-02-08,2022-02-09,2.318057329149034,2.393358113263532,2.161991560482383,2.2099752781943183,1764497666.2222223,5739503828.155266
2022-02-07,2022-02-08,2.166688893398913,2.3748961793179304,2.121000542214871,2.3358464922107456,1783203281.3333333,5877389331.509577
2022-02-06,2022-02-07,2.0928789208322063,2.154633821932117,2.058555482738696,2.154633821932117,1061863957.1111112,5353721128.578678
2022-02-05,2022-02-06,2.124567949193368,2.196985908268814,2.078730716796574,2.0877541501922137,1623595458.6666667,5433986752.131535
2022-02-04,2022-02-05,1.958041236596625,2.125408644548401,1.930243561594456,2.125408644548401,1403831558.2222223,5113811334.37527
2022-02-03,2022-02-04,1.918791784214928,1.957419267446894,1.876183373431856,1.9514939464599708,1431283546.6666667,4875816029.694222
2022-02-02,2022-02-03,2.07020599049853,2.106786678151778,1.9120409624721968,1.9128409760929648,1323461030.6666667,5190302088.371803
2022-02-01,2022-02-02,2.0430429172664866,2.1445768589813023,2.0259323741462403,2.072941943308677,1664346911.5555556,5305513147.676119
2022-01-31,2022-02-01,2.0283045874362235,2.089734758460094,1.9152679159893744,2.0439844396895768,1470277144.8888888,5049340529.312831
2022-01-30,2022-01-31,2.097394318140868,2.1612007268364097,2.00958273225751,2.033410201455362,1371815034.6666667,5336621832.818617
2022-01-29,2022-01-30,2.1251820067393843,2.1878215070148928,2.0759669107913195,2.096220141633745,1850805332.4444444,5436219264.252425
2022-01-28,2022-01-29,2.072048335391132,2.1533027921916434,1.9857216873833223,2.1307080779750027,2623201560,5286958383.098175
2022-01-27,2022-01-28,2.243338444038805,2.269922296986364,2.0020090819801704,2.0783415176138864,4032449622.2222223,5455340883.2288885
2022-01-26,2022-01-27,2.3831422231163426,2.553710420626142,2.1885087830296697,2.240294899957917,3693000824.888889,5961991859.300716
2022-01-25,2022-01-26,2.2459015299728926,2.4654512606552323,2.1629617478165453,2.388473011232313,4712158974.216028,5908388480.6369915
2022-01-24,2022-01-25,2.282034581220765,2.2958948201254765,1.9098641617983565,2.261225940307857,4165257708.4444447,5322181059.265257
2022-01-23,2022-01-24,1.9612577360546128,2.345888764898815,1.9595750455311407,2.2669525761733955,4436537754.666667,5522423197.08707
2022-01-22,2022-01-23,2.2823928406813776,2.3798943524610445,1.800282211554738,1.9590197255653776,4761655422.20979,5230312328.526265
2022-01-21,2022-01-22,2.695779409067004,2.769745572065437,2.1598205335785488,2.25859648513462,3626405297.7777777,6368435746.481967
2022-01-20,2022-01-21,2.77263448016937,3.0250335003348634,2.69338911886706,2.69338911886706,2732783416,7294792387.940241
2022-01-19,2022-01-20,2.9592306475000454,3.0346265727291293,2.7667370098489283,2.771046266273564,3397842071.6376305,7361986573.699674
2022-01-18,2022-01-19,2.930354053219146,3.008301961498524,2.7221764178346555,2.956103571692655,3119097479.111111,7313671907.763222
2022-01-17,2022-01-18,3.3077921042879623,3.3598506403803827,2.8978908169259125,2.9271091484956795,3494731503.111111,7953432765.38865
2022-01-16,2022-01-17,3.0081818650270646,3.316703517882818,2.946354541193,3.3062191873862834,2852503475.5555553,8085295673.794613
2022-01-15,2022-01-16,2.963394495732099,3.0243912550152814,2.843219550775962,3.012270491370176,2681414040,7398719494.108431
2022-01-14,2022-01-15,2.9960666630046493,3.053992107025364,2.81600478448201,2.957645970429533,4883717153.777778,7524089052.525817
2022-01-13,2022-01-14,2.9398251450142987,3.138177958911142,2.803409506943748,3.0045178933843197,4870869269.333333,7578403732.251095
2022-01-12,2022-01-13,2.588339611634048,3.005003513960732,2.588339611634048,2.932180092056752,3900512517.3333335,7191380154.165476
2022-01-11,2022-01-12,2.226686705433396,2.59061296735267,2.193437274113057,2.5738539064498824,2653362851.2334495,6092171624.551573
2022-01-10,2022-01-11,2.3888816906944483,2.469979065608105,2.129878512517143,2.218489670978397,2565486560,5890877774.3947935
2022-01-09,2022-01-10,2.283303644278009,2.501462666683105,2.235066235522867,2.400269935152263,3367516138.6666665,6003196954.431744
2022-01-08,2022-01-09,2.59351587405961,2.678808705300017,2.208665031020584,2.292451003178805,2796858692,6361524558.012951
2022-01-07,2022-01-08,2.8994280726841914,2.8994280726841914,2.5898258587884264,2.6036928797623764,4128060227.5555553,6978740148.164561
2022-01-06,2022-01-07,2.9211692505420106,3.0219140287131467,2.663907535524398,2.8971924000130747,5532335829.333333,7184970104.155146
2022-01-05,2022-01-06,2.884692672728709,3.153248601232099,2.6028170501666588,2.949607014839004,3566574254.2222223,7580867285.649361
2022-01-04,2022-01-05,2.86146134509706,3.051690417671215,2.8179217121534808,2.887961409694357,4023537270.2222223,7396367363.127553
2022-01-03,2022-01-04,2.4861383251937275,2.855245832935221,2.381995041993319,2.854836761328015,1817232062.2222223,6507181903.617189
2022-01-02,2022-01-03,2.5872567128101016,2.595995832681142,2.4529098465603245,2.4846043817778547,1713923070.6666667,6398499813.078509
2022-01-01,2022-01-02,2.250573114563796,2.566705699265507,2.250573114563796,2.5607800617706364,1645702161.3333333,6050917341.241734
2021-12-31,2022-01-01,2.0994573694468874,2.3290490148791028,2.0888316770193733,2.2563772203142984,1232176753.1111112,5624158709.522112
2021-12-30,2021-12-31,2.1306582716404003,2.220841812662227,2.03964028069078,2.112096146763392,1711504559.5555556,5446682022.288578
2021-12-29,2021-12-30,2.226316018211242,2.360026264849601,2.112004171658828,2.1226615533078594,2573535629.3333335,5719925313.153175
2021-12-28,2021-12-29,2.1951743611397503,2.347772056979812,2.0798293490892164,2.2347192649410053,1934496610.6666667,5629268624.640604
2021-12-27,2021-12-28,2.342271741864565,2.44686831801118,2.1937045498667143,2.1937045498667143,1865625431.1111112,5976022884.470116
2021-12-26,2021-12-27,2.111570787726438,2.380517477043377,2.103581359420122,2.3486019654784123,1857686682.2222223,5735953173.5154
2021-12-25,2021-12-26,2.08074613089656,2.1683158935665454,1.983382973705442,2.1302518868390976,2062688577.3333333,5293785104.981056
2021-12-24,2021-12-25,1.8609946831595288,2.229276261731509,1.840576164327304,2.09157482834529,1830305965.7777777,5151424385.010577
2021-12-23,2021-12-24,1.5979775789382702,1.9046894705429305,1.5775013335761858,1.8673986292140925,1381914724.4444444,4476952054.142
2021-12-22,2021-12-23,1.481895868847476,1.656338214518417,1.477039374416629,1.599244300982669,742734668.3333334,4031937173.856635
2021-12-21,2021-12-22,1.3633709591008591,1.4874256065510632,1.350441501969386,1.477547029006814,533849126,3618417697.114062
2021-12-20,2021-12-21,1.429510069918529,1.4430482962159423,1.3118781396048744,1.365769668830638,472714766.2222222,3476637851.2757745
2021-12-19,2021-12-20,1.41927298855271,1.472489610416953,1.394740437730092,1.4256681009772183,590852358.7132868,3661445496.336623
2021-12-18,2021-12-19,1.4031286499474664,1.5388899346106246,1.363396246315042,1.416178778523801,654728800.6760564,3694331383.709992
2021-12-17,2021-12-18,1.4283965315781053,1.489072578523147,1.3394081212584856,1.410437880964578,692178452.8888888,3624164064.533355
2021-12-16,2021-12-17,1.4786956927947197,1.5687659027982146,1.429655483428693,1.4362709620783936,1062012886,3831965564.645985
2021-12-15,2021-12-16,1.3144007369970594,1.4862776805600133,1.2642699847683647,1.4848436496559063,609938199.5555556,3426426315.376875
2021-12-14,2021-12-15,1.2838634702813403,1.3336734655366105,1.2421883338882744,1.316241963522966,671399622.4668989,3271482763.355374
2021-12-13,2021-12-14,1.4924861199838793,1.504824719902479,1.26136788365124,1.2855414679692572,502467198.0777385,3507111290.7493353
2021-12-12,2021-12-13,1.4824816296636054,1.5522115101336602,1.4386055036053271,1.493273495164159,396175546.2222222,3766517563.0371637
2021-12-11,2021-12-12,1.4153760451895172,1.4868432306406514,1.394249947959302,1.486731244671611,679070078.1111112,3681356855.087499
2021-12-10,2021-12-11,1.421117035160603,1.5165414367276977,1.3883649657877326,1.4151143936084,653762131.1777004,3651728440.5354156
2021-12-09,2021-12-10,1.6271818269544258,1.632232470710818,1.413267317229904,1.4344872785095144,622212098.2222222,3877746083.8975887
2021-12-08,2021-12-09,1.5927289709732375,1.6235139590939356,1.519533921152873,1.6235139590939356,699220708.6666666,4027859887.823683
2021-12-07,2021-12-08,1.6015115525962498,1.7200208356488844,1.5767155924703593,1.594321548535698,1123513815.7777777,4193781440.5184727
2021-12-06,2021-12-07,1.5367455024200691,1.6102912770046427,1.3544681002856185,1.6079450083350209,1034359530.4444444,3743524884.049261
2021-12-05,2021-12-06,1.72956215867444,1.7382043931276667,1.4944762392488853,1.5345356169080868,1236601143.3333333,4130961114.321955
2021-12-04,2021-12-05,1.9796552398967373,1.9832786179987816,1.2936875250324549,1.717723577567039,1713279601.3333333,4254225243.011683
2021-12-03,2021-12-04,2.068736105240024,2.157780882550191,1.916382833756792,1.990386401402256,609352796.8888888,5253358589.918194
2021-12-02,2021-12-03,2.1422651563065664,2.1422651563065664,2.041814891464412,2.0624753809009824,765570293.3333334,5327630828.417091
2021-12-01,2021-12-02,2.1415727921582564,2.2736561491459257,2.1289464208396454,2.1429236819109105,836383544.8888888,5597174578.31891
2021-11-30,2021-12-01,2.161468448640126,2.2763108025881067,2.078802347542508,2.144037972775725,814839313.3333334,5497709748.118242
2021-11-29,2021-11-30,2.1106900255786374,2.186327189667183,2.069766958205678,2.1657951643738333,780110185.1111112,5388514362.293504
2021-11-28,2021-11-29,2.083508374315672,2.115190353323536,1.9081736366483937,2.111432229802052,690256433.1111112,5143920509.115456
2021-11-27,2021-11-28,2.112004348509815,2.207707953620029,2.0418565026646665,2.069196050999597,1215577820,5442779860.633946
2021-11-26,2021-11-27,2.470257616803076,2.562004075095176,2.049305845057595,2.112106015634851,1560050992,5717185648.780518
2021-11-25,2021-11-26,2.5934023586480985,2.658247672172225,2.428072488110668,2.4739954655125347,2015204481.3333333,6420935640.47913
2021-11-24,2021-11-25,2.3120253339397148,2.610525649771518,2.22941700620261,2.610525649771518,2407565172,6090704268.387053
2021-11-23,2021-11-24,1.947027338868233,2.4370697451533383,1.931080881837136,2.31049724253338,1669812655.7777777,5565655620.646834
2021-11-22,2021-11-23,2.086764855081491,2.086764855081491,1.9286471055791403,1.951100376850217,896836950.8251748,5090959742.08936
2021-11-21,2021-11-22,2.1811635667442437,2.1811635667442437,2.0260121731075804,2.0770162295203147,841718276.6666666,5322735244.594546
2021-11-20,2021-11-21,2.2606943729023032,2.2793101951481027,2.088161978367105,2.1900558575698463,1396228922.6666667,5555927898.731359
2021-11-19,2021-11-20,1.8516146401531857,2.2544223804596824,1.8195223440876531,2.2544223804596824,1887412681.7777777,5238418171.570521
2021-11-18,2021-11-19,2.1532473037186364,2.225075530608042,1.8005245294997505,1.83438112185618,1148556591.3333333,5131025294.64089
2021-11-17,2021-11-18,2.2036837612941533,2.228441989095794,2.0892824561050647,2.1523588549075403,1215398979.5555556,5523173106.000658
2021-11-16,2021-11-17,2.471114977289868,2.471114977289868,2.08392543253366,2.2106466265281144,1122736021.5555556,5800351301.352706
2021-11-15,2021-11-16,2.590546814832571,2.6146964995837223,2.472764374087874,2.472764374087874,493714699.0769231,6511587271.457399
2021-11-14,2021-11-15,2.61904886365865,2.6407433039005213,2.518913814979389,2.5857133636527805,670945013.7421603,6575156678.500335
2021-11-13,2021-11-14,2.635582052703189,2.7154488917854547,2.577015449862479,2.617867093172453,931766292.5156795,6708028916.926345
2021-11-12,2021-11-13,2.601730272283439,2.6722703897713087,2.469535874356865,2.6454393903699365,957380742,6598937843.728185
2021-11-11,2021-11-12,2.6415699755029527,2.726724643554964,2.582131671786087,2.604293127722659,1694741372.6666667,6722873074.832663
2021-11-10,2021-11-11,2.8696674824524115,2.981833508406263,2.439051975989498,2.6289359378602017,1133421363.7777777,7146952194.363886
2021-11-09,2021-11-10,3.1624167949410413,3.1624167949410413,2.866860990047561,2.86788600565012,1479166873.4216027,7636538517.22568
2021-11-08,2021-11-09,2.865317625517509,3.1700099739905725,2.8210899169324533,3.154194130626636,1235601809.4545455,7617861535.713687
2021-11-07,2021-11-08,2.7722708428022425,2.899065666794084,2.7615006916537053,2.822637782287794,936435988.6666666,7176680355.7589035
2021-11-06,2021-11-07,2.659136767069891,2.7828548104215587,2.58452823496935,2.772739378298001,1205081042.8888888,6827368691.442361
2021-11-05,2021-11-06,2.7665651336281685,2.9527592614058302,2.6478853276763674,2.6678532885311994,1958994753.3333333,7139936855.256543
2021-11-04,2021-11-05,2.672129810274087,2.7582851690683,2.448278074882422,2.743320925150321,1150384816.390244,6621239405.989109
2021-11-03,2021-11-04,2.7200076598194203,2.749794648839861,2.556733318401185,2.6607635124179545,1121225965.3333333,6759167184.840849
2021-11-02,2021-11-03,2.704227956374099,2.7822344998227977,2.6748096328269115,2.728286043227648,1008391832.0836236,6914208152.652932
2021-11-01,2021-11-02,2.870502262067589,2.915064424711625,2.6785326283776434,2.708853102375309,1358400213.3333333,7092569978.527321
2021-10-31,2021-11-01,2.6675665632642245,2.887705946949485,2.580931781855959,2.887705946949485,1504472940.4444444,6817775934.845027
2021-10-30,2021-10-31,2.871567997773485,2.9509497529637247,2.6073262918422757,2.6518536238166,1509490300.4444444,7138334093.220041
2021-10-29,2021-10-30,2.922088409959403,3.0734479118599136,2.859378138711336,2.8720296705666595,2583161428.4444447,7572929897.292625
2021-10-28,2021-10-29,3.10284689520262,3.4701366667023894,2.9124615978053483,2.9124615978053483,4445870872.888889,8164685224.563802
2021-10-27,2021-10-28,3.1375322221308,3.28851131232805,2.560525115040564,3.1608240533875125,3914269904.888889,7761269865.3939905
2021-10-26,2021-10-27,3.046904450747938,3.465317564709679,3.033205591622764,3.1474357864268456,3092168456.4444447,8260975817.98192
2021-10-25,2021-10-26,2.7058601647709324,3.039210212422834,2.690965334907905,3.039210212422834,2063460611.5555556,7390582459.4343605
2021-10-24,2021-10-25,2.553604167926726,2.827766075257932,2.553604167926726,2.7031607910751165,1559621237.7777777,6868002888.837717
2021-10-23,2021-10-24,2.618110989754165,2.658831309287846,2.480649088918951,2.5476625151922643,2231622191.111111,6501179197.409842
2021-10-22,2021-10-23,2.2234070368276413,2.632035870311885,2.2194898883597114,2.6056982249087444,1484732565.7777777,6106018719.220533
2021-10-21,2021-10-22,2.4268302076507795,2.4472980970109948,2.2205089623556904,2.22694612062272,1398902883.1111112,5965643520.511675
2021-10-20,2021-10-21,2.351826293253512,2.435226567121186,2.269563014490521,2.428792353562566,2015299872.4444444,5996799807.943386
2021-10-19,2021-10-20,2.2183462350048413,2.482043920784796,2.212608388170344,2.3626079266208566,1794912908.5754385,6065203831.197181
2021-10-18,2021-10-19,2.301225361682014,2.301225361682014,2.161590098902696,2.2210298000755384,2068921733.3706293,5648212994.825695
2021-10-17,2021-10-18,2.1411901304442518,2.334761601197496,2.08261741722531,2.3013775227911517,1834230683.7864769,5653142020.521426
2021-10-16,2021-10-17,1.9286590030277024,2.154553633356657,1.9186008232832044,2.1508611769168207,967942895.0388693,5094019454.122814
2021-10-15,2021-10-16,2.028217836723979,2.064412823197984,1.9255061374352973,1.9281832213891,1120392736.5614035,5059451303.208567
2021-10-14,2021-10-15,2.0148908373679526,2.1591569427643127,2.000562958169676,2.040682828061683,1176093666.6007068,5253321742.364259
2021-10-13,2021-10-14,2.094986413223584,2.1371538825563765,1.979611534548391,2.0147100648362755,1781444734.1908128,5178800292.587092
2021-10-12,2021-10-13,2.334393030704174,2.334393030704174,2.044742843878185,2.0875781525711425,2815607409.266187,5459239124.699043
2021-10-11,2021-10-12,2.030495224909109,2.3493102504392467,1.990858804492316,2.334393030704174,2142845316.0706713,5478825713.657308
2021-10-10,2021-10-11,2.164432047390086,2.25730420058227,2.029769292618139,2.029769292618139,1900444862.2222223,5476181212.550632
2021-10-09,2021-10-10,2.3083120768416,2.3295357143193183,2.1286491330066704,2.169667704964572,4217876357.3333335,5578544975.151283
2021-10-08,2021-10-09,2.019514571245525,2.4404419141532063,1.9553125149159347,2.2831916675435813,6119418974.222222,5706259833.117079
2021-10-07,2021-10-08,1.6091030354187412,2.080623545740991,1.5802433681657964,2.0298903065629443,3473225887.6655054,4627804594.258992
2021-10-06,2021-10-07,1.4148995052945454,1.6146586876241,1.300977992154237,1.590737965698015,800911459.7777778,3610965128.156362
2021-10-05,2021-10-06,1.4006150618909363,1.450297657215622,1.3717240696539774,1.4097340119705044,798492427.1111112,3580674039.225144
2021-10-04,2021-10-05,1.46952428533492,1.46952428533492,1.3630201493281395,1.3996682711646011,964330370.8888888,3606739534.1265955
2021-10-03,2021-10-04,1.4614811911450782,1.5401207764844462,1.4246048335232886,1.4697282008109231,1064017928.6666666,3767281844.040074
2021-10-02,2021-10-03,1.418570698122496,1.5169703363778346,1.365230198210604,1.4653353201231312,1161606259.5555556,3635001726.4932556
2021-10-01,2021-10-02,1.204258014545518,1.4374079823171195,1.2011576517704996,1.4218031098038513,984166787.5555556,3344400635.5153246
2021-09-30,2021-10-01,1.198378550678437,1.2653911458592988,1.1905246741516455,1.2064241763858852,996304210.6666666,3105012389.9930286
2021-09-29,2021-09-30,1.1726885069695656,1.278236321760128,1.1587573952897867,1.195226555252402,1479185152.449123,3097035006.0788507
2021-09-28,2021-09-29,1.278160533409086,1.3753306592378531,1.1705825393568727,1.1705825393568727,2172798442.9010987,3212356147.282489
2021-09-27,2021-09-28,1.1807241188179247,1.3472029176913247,1.159193357570294,1.278454276853887,1442758444.255319,3178281735.2659483
2021-09-26,2021-09-27,1.2430574371923722,1.2460051746420366,1.118375817080502,1.1822655714695909,1555707455.168831,3055967532.561711
2021-09-25,2021-09-26,1.1984040982128552,1.3660319880198972,1.188859495780047,1.246761743723659,1923245512.9510489,3280154323.2007356
2021-09-24,2021-09-25,1.263110537767686,1.263110537767686,1.0688614241463068,1.1950858468373278,1449671671.4666667,2998120010.263723
2021-09-23,2021-09-24,1.248303455858771,1.2843746897507942,1.1670224716691595,1.2565331533213622,1771933853.8815331,3137148552.1606984
2021-09-22,2021-09-23,0.9813649232392416,1.260028404413021,0.9734038538100168,1.2414793442870198,1962052616.4444444,2864853478.4150615
2021-09-21,2021-09-22,1.1398535064159312,1.2140033853642356,0.9597788239190562,0.9772529262824092,2155383077.7777777,2847039751.7621584
2021-09-20,2021-09-21,1.4570569158163371,1.457833362786078,1.0662203433892452,1.147325903704542,2180227664.2787457,3139221755.1285753
2021-09-19,2021-09-20,1.333735783288264,1.484716422061919,1.2929577695583323,1.4483511897483374,1150655924.8888888,3497559152.000201
2021-09-18,2021-09-19,1.2460190547716623,1.4292081808640982,1.2284969147913558,1.3326859609532076,1162553066.5923345,3413723144.469735
2021-09-17,2021-09-18,1.3111757935255677,1.3966487743845946,1.2436400636394542,1.2466232663009278,1249818686.8888888,3297596275.655036
2021-09-16,2021-09-17,1.4384901223184572,1.4678746770057516,1.2724290775458929,1.31628520252076,2008869678.8292682,3475051725.0934196
2021-09-15,2021-09-16,1.201736770537433,1.5164529943570568,1.196266968680488,1.4400452660906773,2157028372.5156794,3556766231.578458
2021-09-14,2021-09-15,1.3069148956007834,1.3217217104776684,1.1448540452630969,1.1999653798994223,1238063672.641115,3155903266.39565
2021-09-13,2021-09-14,1.444892072870125,1.4540828778688537,1.2370430509607515,1.3116775926528852,1343985845.5191638,3353977432.3788395
2021-09-12,2021-09-13,1.5449230605702218,1.5540453094625593,1.3968083997848937,1.446310445508474,1454597066.4808362,3799026767.739697
2021-09-11,2021-09-12,1.495914589881277,1.678089539973619,1.4529509041345374,1.5383200272159294,2240007852.1533103,3962341813.9924674
2021-09-10,2021-09-11,1.661391735575356,1.7561032191334052,1.4310936564849717,1.493026777136983,2882072624.5052633,4001478832.6249
2021-09-09,2021-09-10,1.5630636824295632,1.9181072904680443,1.530485241732133,1.6521064978147224,4887861229.333333,4495673684.155509
2021-09-08,2021-09-09,1.3986476225540936,1.6722786794701376,1.2645918973834895,1.5545916855927526,6320613335.111111,3683408365.715827
2021-09-07,2021-09-08,1.3953343148388937,1.8273213789017808,1.25267496686045,1.398042432455182,5254940290.666667,3975912036.130233
2021-09-06,2021-09-07,1.2131021794483912,1.469086032576254,1.1974490178378292,1.3951390230058596,2768695729.929078,3416700160.100156
2021-09-05,2021-09-06,1.0641146648801965,1.2711586931569336,1.02115443486894,1.2075662490526031,1973523577.3101046,2929342563.6562014
2021-09-04,2021-09-05,0.9786591535637336,1.1848914838568132,0.9786591535637336,1.0639151873747883,2442707235.111111,2736147309.8299737
2021-09-03,2021-09-04,0.851845171714883,0.9739235280021632,0.8227462245711614,0.9681215984211416,1291498061.874126,2244070700.2416606
2021-09-02,2021-09-03,0.8719458391707867,0.931179256056733,0.8151134751971733,0.8519476339290257,1727045114.6293707,2179177718.105526
2021-09-01,2021-09-02,0.720334700515048,0.9565943647461672,0.7008184279576377,0.8718352051315079,1586326822.937063,2087811603.9574265
2021-08-31,2021-09-01,0.8016842120546774,0.8799852667994342,0.693305469411969,0.7225881141714234,2856135251.4006968,2011280998.1414497
2021-08-30,2021-08-31,0.5853105585256407,0.8918250579743947,0.5853105585256407,0.7936217562838507,1858258267.5400696,1907513395.380993
2021-08-29,2021-08-30,0.5231176632538868,0.5849942396790864,0.4985822837372396,0.5804087150065314,242952131.70526317,1326134650.0124638
2021-08-28,2021-08-29,0.492578018534414,0.5333288043002058,0.4693597818940646,0.5220654372993707,227035855.71830985,1264203236.3149014
2021-08-27,2021-08-28,0.43325682448014735,0.4929138189058284,0.4197546602863896,0.4874817134966728,249119294.94076654,1160337397.7497075
2021-08-26,2021-08-27,0.4979575936213698,0.5167095945759554,0.4348886206057648,0.4414972216301076,224044113.6783217,1174735016.4240954
2021-08-25,2021-08-26,0.4825136774299765,0.5185001057620434,0.4670195130191838,0.49676340962559273,274482357.25874126,1260207842.9508874
2021-08-24,2021-08-25,0.5517907636225813,0.5580797123432123,0.4758438037278993,0.4845860402156137,233254993.7902098,1327056379.2202477
2021-08-23,2021-08-24,0.5576055988077006,0.5885653713854434,0.536392475240575,0.5514931472213824,270255152.22299653,1427982408.5460408
2021-08-22,2021-08-23,0.5722906582545776,0.5962414559941073,0.5290621708959445,0.5576055988077006,419257582.8292683,1417031248.1617918
2021-08-21,2021-08-22,0.4939874044884378,0.5776434541701128,0.4778307472257492,0.5707191351181845,340991120.6132404,1329931548.6538332
2021-08-20,2021-08-21,0.5068275060452454,0.5346586556766014,0.4864237165594205,0.4939874044884378,506542856.2222222,1294976430.8289564
2021-08-19,2021-08-20,0.41578211329822434,0.5022731793173151,0.41578211329822434,0.4987226731107606,563826098.5555556,1184789945.1335866
2021-08-18,2021-08-19,0.3922333303830184,0.45026102708930127,0.3727394187599713,0.41815178602061154,439245491.2222222,1047342279.738478
2021-08-17,2021-08-18,0.3965429502588826,0.4620226169432315,0.3814445347559005,0.3899747564108681,491663377.7403509,1073283634.8490417
2021-08-16,2021-08-17,0.3483892944251977,0.4270995670522736,0.3483892944251977,0.395892512231513,248629910.271777,987772096.1222106
2021-08-15,2021-08-16,0.3381734785099185,0.350386682278203,0.3217673515665634,0.3481521699078012,114321823.63250883,851088248.3367103
2021-08-14,2021-08-15,0.3449071800528241,0.3547881740868833,0.3288674577195271,0.3375675772781884,146036294.83333334,861733342.095305
2021-08-13,2021-08-14,0.30803581482563525,0.35131661032886113,0.3049691058918249,0.3463997633043017,152949280.94444445,854497992.498865
2021-08-12,2021-08-13,0.32063816617511753,0.34004696221722674,0.2916011164880703,0.30844792219310774,160521571.16666666,794513307.1442829
2021-08-11,2021-08-12,0.29731898536147006,0.3378173586796715,0.2971925168109118,0.3214517486390148,157745959.5,809038130.8846633
2021-08-10,2021-08-11,0.2791120245272054,0.3032854677059596,0.2742623328748589,0.2948459277177376,121263338.3611111,734514493.9657812
2021-08-09,2021-08-10,0.26740974801082346,0.28955860761882307,0.2573890221346516,0.2791481526266122,108049135.58333333,699158524.3810897
2021-08-08,2021-08-09,0.28554992035313653,0.300218777726126,0.26132687062078064,0.2677362245740845,130651567.58333333,716296892.9073575
2021-08-07,2021-08-08,0.2795111547993657,0.2961258626119138,0.27054568087971415,0.2856692274372627,135580985.53846154,721094779.9978771
2021-08-06,2021-08-07,0.26019342996996875,0.2864671463664724,0.2601730223415443,0.28004137321034206,124762120.94444445,690748713.2407618
2021-08-05,2021-08-06,0.2453623406251385,0.26019342996996875,0.23264870358485243,0.26019342996996875,74190914.1875,622715252.1483132
2021-08-04,2021-08-05,0.2376643802651809,0.250582774884632,0.23027707999154196,0.2453623406251385,64703843.498039216,612656570.9347966
2021-08-03,2021-08-04,0.25104816730110807,0.2568736405954826,0.23433157722810427,0.23884074906141983,74964244.625,618939706.4485008
2021-08-02,2021-08-03,0.24689566261399265,0.25432712805749075,0.23958290254308787,0.2510800531657398,94622816.33976834,628727259.3213204
2021-08-01,2021-08-02,0.2558462254800791,0.2667751704970379,0.24442960161000615,0.2476375243821941,83614604.58823529,661031235.8820485
2021-07-31,2021-08-01,0.2536498031118352,0.2596289969169234,0.24472693433504847,0.2571257722337707,90270890.03802282,643787423.8067372
2021-07-30,2021-07-31,0.24914697824270515,0.25605466895584617,0.22922216378742816,0.25221166886585933,137154318.58333334,615678263.8559389
2021-07-29,2021-07-30,0.22743853441241912,0.25430652713733953,0.2236697315081599,0.24849123114762223,121656594.76156583,612358065.4227406
2021-07-28,2021-07-29,0.2242856117688249,0.229142501971589,0.2160822160357564,0.2267759614374545,95612807.34751773,568182459.2493113
2021-07-27,2021-07-28,0.2094081511356042,0.23401761028803075,0.20045777513804489,0.2235927458980305,129038169.86759582,550302482.9678515
2021-07-26,2021-07-27,0.19803283967904128,0.2412912134731028,0.1970681661355173,0.2095307052450185,105359251.71830986,568564131.1029569
2021-07-25,2021-07-26,0.19490374280317677,0.19759282367478131,0.1864334737348173,0.19759282367478131,54847492.97165992,487976797.69968194
2021-07-24,2021-07-25,0.19137659459251677,0.20119155640960956,0.1897527115495754,0.19490374280317677,53340205.28682171,493213122.18696773
2021-07-23,2021-07-24,0.18545879777832988,0.1924359550868611,0.17942308245343574,0.19144046229252723,56596119.08955224,473019644.9159757
2021-07-22,2021-07-23,0.17685770023060582,0.1887676355292169,0.17214025815868703,0.18351879663487497,67034672.23970038,459452281.5876427
2021-07-21,2021-07-22,0.16011975367616316,0.18391974863974875,0.15619551555912847,0.17649585595785997,59147349.68345324,439719105.1308239
2021-07-20,2021-07-21,0.17020149983976895,0.17323638482564618,0.15343507163254383,0.15978027490241617,64472465.7037037,409951196.91677636
2021-07-19,2021-07-20,0.1903035208867541,0.19129529033841908,0.16872955820270102,0.1714657306704127,41931190.781954885,457147934.89095294
2021-07-18,2021-07-19,0.19613594320062216,0.20268819860382808,0.1878654815816024,0.19078227835678707,35086803.048,496713560.00678
2021-07-17,2021-07-18,0.19412543072349656,0.19791138791773216,0.188657867765604,0.19654785923500365,45470608.34710744,490219622.86034685
2021-07-16,2021-07-17,0.20951360580918807,0.2157160997944844,0.1936705144160891,0.1936705144160891,46458316.666666664,519520771.2826259
2021-07-15,2021-07-16,0.21866201029871496,0.2231452854669441,0.20333073512163735,0.20897924911828375,42182055.40856031,538042330.433754
2021-07-14,2021-07-15,0.222322449584006,0.22296635771188472,0.20682995958142167,0.21866201029871496,56819183.62055336,550606258.2568712
2021-07-13,2021-07-14,0.2243231376456631,0.2347079548808033,0.21638832247839143,0.22075732950294816,57686514.98069498,569932054.4252924
2021-07-12,2021-07-13,0.2310848556609016,0.23830698014280263,0.2193913552136127,0.22488084762623764,54630902.087649405,585152247.4928664
2021-07-11,2021-07-12,0.22537228121818964,0.2364255567371527,0.22069630756273356,0.2310848556609016,50368952.515625,583439407.3586649
2021-07-10,2021-07-11,0.23411196193425363,0.24093786178510568,0.2222952574081644,0.22582774582413945,59065654.45559846,584957796.5999695
2021-07-09,2021-07-10,0.2387884771764952,0.24055846838520617,0.22444354365279545,0.2349266939888848,73861792.88721804,592641903.110133
2021-07-08,2021-07-09,0.25839281159224686,0.258956508197177,0.23241937102123203,0.2383038600559307,113989455.32867132,618951018.7723343
2021-07-07,2021-07-08,0.2490601947774105,0.27697979523445554,0.24636569649346124,0.2579901878926531,104066189.77464789,672043408.9628085
2021-07-06,2021-07-07,0.2298326942651781,0.2541241795689856,0.2298326942651781,0.24846175015299432,81816528.73003802,621516078.8023516
2021-07-05,2021-07-06,0.24476949487989344,0.24476949487989344,0.22557507428679305,0.23176022311162003,80046578.12307692,596524158.3240219
2021-07-04,2021-07-05,0.23423950575865704,0.2512853329224872,0.22777716824420027,0.24476949487989344,56838939.794466406,607628458.5156932
2021-07-03,2021-07-04,0.22678770532190723,0.2389766744466275,0.2250690509747469,0.23423950575865704,63327603.75409836,591921769.6415956
2021-07-02,2021-07-03,0.22195885142545668,0.22967896559795528,0.21458011269364463,0.2265869116284558,77874286.59109312,562849365.2224722
2021-07-01,2021-07-02,0.2404956294237381,0.24161624563409803,0.2195657231814069,0.22253908145250656,107760346.2736842,577374831.9728546
2021-06-30,2021-07-01,0.23419948233744697,0.2413184744615968,0.21414306125836735,0.2403771542339349,109265974.52264808,577067292.0420439
2021-06-29,2021-06-30,0.225194237731598,0.2494561025876236,0.2250218840290742,0.23336600922114728,102957471.97173145,604215627.3257482
2021-06-28,2021-06-29,0.21732574968971607,0.232307063125727,0.2157810290536925,0.22570355492740643,104092289.83512545,570296692.489455
2021-06-27,2021-06-28,0.2124914770622576,0.21655397588706263,0.20112086970094423,0.21655397588706263,90233815.38686131,528330639.2658822
2021-06-26,2021-06-27,0.208870039371552,0.2162997000797833,0.1943330297849065,0.21049140121028695,129227988.93430656,524605342.18392855
2021-06-25,2021-06-26,0.2403370488972636,0.2475813709636972,0.20501572998459705,0.208870039371552,117398045.24822696,572074764.1807775
2021-06-24,2021-06-25,0.2460831983730408,0.25731572228716165,0.23335771247537723,0.2403370488972636,137968237.75494072,622414789.323389
2021-06-23,2021-06-24,0.2169105239870004,0.2642424463392454,0.20748479892735008,0.2466973599685383,226383188.3533569,622562454.5032252
2021-06-22,2021-06-23,0.23542537878346492,0.2536396095170142,0.18872640170275937,0.21670632155770544,220577693.3146853,575436889.5776728
2021-06-21,2021-06-22,0.30944543468038854,0.3098546187362945,0.23490896328525665,0.23490896328525665,226330066.16370106,691849963.9784956
2021-06-20,2021-06-21,0.309561934023149,0.3189892866826589,0.2827940893947122,0.30955795609789416,254056811.94444445,778194608.2781985
2021-06-19,2021-06-20,0.2943090483178898,0.32725147651488684,0.28306714566953467,0.3104987189838077,277471346.6111111,781291272.9504222
2021-06-18,2021-06-19,0.31979173597200233,0.3441469403856033,0.2861274293810147,0.29366183599335643,399821075.5555556,800792820.5456617
2021-06-17,2021-06-18,0.28008483463566847,0.319658362728651,0.27966938620957105,0.3177432353174052,178854201.14285713,767947029.1679472
2021-06-16,2021-06-17,0.2890562253370301,0.2908436960118441,0.2677039640362828,0.2791542496164043,121789805.9651568,715480444.9940597
2021-06-15,2021-06-16,0.2996601217621827,0.3078960875579731,0.281503968388191,0.2898060759787392,178131793.16666666,745206301.0537496
2021-06-14,2021-06-15,0.2809112402953375,0.30635397252710367,0.26949071486596354,0.2990884073063702,173459403.66666666,726334416.9105624
2021-06-13,2021-06-14,0.23900706529410787,0.2813862345389489,0.23270278925667623,0.2792972790530704,109048097.14285715,631938886.0124224
2021-06-12,2021-06-13,0.25289212885856344,0.25289212885856344,0.23262021239040212,0.23982091528318852,120381753.08333333,614739974.6809974
2021-06-11,2021-06-12,0.27929122079841545,0.28294009754862265,0.24940246251169176,0.25232317821643174,119647400.69444445,690539382.4462868
2021-06-10,2021-06-11,0.3060156780232776,0.3076914407562579,0.2709305789385974,0.2808558139265743,152453982.55052266,741530397.3489975
2021-06-09,2021-06-10,0.29348266216506447,0.3118076324905492,0.27360590225466375,0.30656744127001306,179716531.3888889,746749264.1168356
2021-06-08,2021-06-09,0.29790711352633314,0.30557830985592127,0.2605910489625812,0.2927249141291455,194356746.74125874,729925220.0337722
2021-06-07,2021-06-08,0.3415008034779624,0.3562384214881815,0.29745610649189924,0.29745610649189924,144129913.94444445,865549661.3695626
2021-06-06,2021-06-07,0.3127399203693077,0.3472876223738752,0.3115560174186222,0.34063926114384,144426493.39259258,833697122.1101233
2021-06-05,2021-06-06,0.33576639289257715,0.36266090063775785,0.3034307089509786,0.31310671464220474,188838121.55555555,849780789.584743
2021-06-04,2021-06-05,0.3797810069816827,0.3797810069816827,0.3169928395944832,0.3377209183466951,228783256.94444445,863433887.4707216
2021-06-03,2021-06-04,0.350478384030592,0.4004825421288065,0.34437648027325374,0.380149540108584,269891062.4444444,948677161.6912445
2021-06-02,2021-06-03,0.30917202231473073,0.3650649746906138,0.2987224791104265,0.3518582672468954,191939090.66666666,838567220.2088524
2021-06-01,2021-06-02,0.3205095582911153,0.32806754049061726,0.3030768025710116,0.3089066464492387,124267907.2891986,798086963.8931106
2021-05-31,2021-06-01,0.2949742834655138,0.3235345212799599,0.27507000111281155,0.3211598156938794,110045210.9825784,765603833.3930849
2021-05-30,2021-05-31,0.2764611723831996,0.3094235317498793,0.2634962368575225,0.29449167387397945,116471933.17482518,746365759.4158589
2021-05-29,2021-05-30,0.30355538559141315,0.3177985954358813,0.26390494325127184,0.276330176711961,133719174.97222222,741559532.3659759
2021-05-28,2021-05-29,0.3473477582726426,0.3513745690911305,0.2883169550651333,0.3035654103856016,156563963.09407666,803557624.9579171
2021-05-27,2021-05-28,0.3786594477671503,0.3787905402201793,0.3253219407405492,0.34708664378555154,218953849.05555555,894649780.9111797
2021-05-26,2021-05-27,0.3294324720002962,0.40190383957159537,0.3182342102401085,0.3813432342040284,262069685.2222222,919952377.3422829
2021-05-25,2021-05-26,0.34293875194393386,0.3680868189545802,0.28923038886280944,0.32467577108918844,320127749.3333333,805530526.5060724
2021-05-24,2021-05-25,0.25421310132158903,0.35254503208416715,0.2540672281274095,0.3402403703533196,395293614.8811189,777008200.4910816
2021-05-23,2021-05-24,0.29099059855240894,0.30265600016174987,0.18511844584239545,0.2547422977660189,221884818.2777778,633275921.8159757
2021-05-22,2021-05-23,0.3517496274901092,0.3656686845654928,0.2934057338314813,0.2934057338314813,244392606.60627177,822599355.3658653
2021-05-21,2021-05-22,0.447957898729523,0.4790358377993957,0.30587508540739183,0.3500730176189598,309087567.33101046,1027859345.2477534
2021-05-20,2021-05-21,0.398852072,0.505295844832555,0.339155377,0.4482009905755125,639640124.367413,1135396790.7145953
2021-05-19,2021-05-20,0.681820079,0.75164555,0.301799133,0.402277778,844851595.5703455,1404085230.9436815
2021-05-18,2021-05-19,0.581558952,0.702865636,0.579078358,0.675064316,252875387.83011714,1583323463.3408196
2021-05-17,2021-05-18,0.633000542,0.635083341,0.555794953,0.583055138,339989108.32510597,1526511174.9616058
2021-05-16,2021-05-17,0.61595312,0.72356685,0.592054153,0.633559037,279953768.8683408,1672308009.4248528
2021-05-15,2021-05-16,0.692246111,0.733851643,0.612210117,0.619254162,309850390.0007537,1696225341.5114145
2021-05-14,2021-05-15,0.621035948,0.740831213,0.616048666,0.691150356,297238656.3223003,1714694362.9430776
2021-05-13,2021-05-14,0.603878125,0.701641657,0.581472691,0.61995214,421263378.24381727,1638516845.8349607
2021-05-12,2021-05-13,0.786998224,0.786998224,0.628590027,0.628590027,332536724.77674055,1862564474.7536068
2021-05-11,2021-05-12,0.770864471,0.802409743,0.718072284,0.785556908,469328887.3037677,1957137808.6138933
2021-05-10,2021-05-11,0.91812656,0.954041965,0.730014466,0.77287558,609269319.0539899,2157156677.6427517
2021-05-09,2021-05-10,0.819233854,0.938604551,0.732609211,0.918777294,689476359.8336166,2110966190.335744
2021-05-08,2021-05-09,0.781661708,0.928079998,0.781661708,0.82703915,628781498.5974175,2156673655.1918545
2021-05-07,2021-05-08,0.731472303,0.788731171,0.69311671,0.788731171,306000474.34098077,1874952007.84406
2021-05-06,2021-05-07,0.784296135,0.80972737,0.717940926,0.734895219,506233076.703455,1961268918.777528
2021-05-05,2021-05-06,0.651443338,0.835919831,0.651443338,0.784828091,632352886.1292253,1971616951.8665724
2021-05-04,2021-05-05,0.711825973,0.762353212,0.634954339,0.65770353,538339310.7484348,1756151944.7278123
2021-05-03,2021-05-04,0.754883059,0.78539998,0.708697141,0.712811067,465158326.9281474,1911509244.4032805
2021-05-02,2021-05-03,0.81228591,0.843769461,0.746639221,0.756279783,693594012.9600525,2042748757.967725
2021-05-01,2021-05-02,0.740597072,0.837965622,0.696546485,0.801336991,933548670.1184953,1931228074.2013812
2021-04-30,2021-05-01,0.580227677,0.789559136,0.564881278,0.741928669,967717587.255941,1786709230.9061368
2021-04-29,2021-04-30,0.588531304,0.723969033,0.581716144,0.586954033,1081253359.345779,1626444717.7049668
2021-04-28,2021-04-29,0.526900161,0.615300452,0.45650643,0.591417927,562207620.8543671,1346634146.6979575
2021-04-27,2021-04-28,0.385481846,0.532650612,0.379626237,0.522721622,348143558.9697949,1172060151.7057033
2021-04-26,2021-04-27,0.306000393,0.409677732,0.298673101,0.38352737,186573465.40441853,940078135.4133209
2021-04-25,2021-04-26,0.278660742,0.323981194,0.278660742,0.301434366,86379342.17763612,761216174.4495593
2021-04-24,2021-04-25,0.315116431,0.319042509,0.278140189,0.278140189,120589595.67427608,758575366.7761127
2021-04-23,2021-04-24,0.32866161,0.336472507,0.258795872,0.31274019,200573863.98380917,764216556.1752286
2021-04-22,2021-04-23,0.369437281,0.389900897,0.323639441,0.33143644,122004627.5161538,944232529.5437398
2021-04-21,2021-04-22,0.401428883,0.407501788,0.368897178,0.369488868,126372256.44019084,994046923.5980337
2021-04-20,2021-04-21,0.400307031,0.417011539,0.359633267,0.401474972,217048539.6927245,994143743.3487298
2021-04-19,2021-04-20,0.423862318,0.432864915,0.360689919,0.401243772,264672087.15139225,1037579692.2047331
2021-04-18,2021-04-19,0.494811123,0.50348817,0.351552437,0.418264703,506690008.1258542,1065847554.3769078
2021-04-17,2021-04-18,0.455483617,0.57218257,0.442909755,0.496384579,395072496.42967784,1286729280.7674491
2021-04-16,2021-04-17,0.445912649,0.455884399,0.410434585,0.455884399,160892546.92831254,1095487362.5979328
2021-04-15,2021-04-16,0.418465174,0.458736814,0.412457823,0.447308809,145367885.48928455,1101441385.747929
2021-04-14,2021-04-15,0.41919706,0.440773849,0.395447352,0.417096291,137633426.92228153,1058970084.793851
2021-04-13,2021-04-14,0.428383591,0.443001034,0.414062348,0.419356017,114790658.70910886,1090764886.5196288
2021-04-12,2021-04-13,0.458398523,0.466974454,0.426777859,0.429899099,128206664.63948523,1122955382.4431853
2021-04-11,2021-04-12,0.439652384,0.464289535,0.428827674,0.457699776,114947686.75491296,1120670510.8397126
2021-04-10,2021-04-11,0.452124817,0.47530849,0.426530465,0.438708604,151917569.75509247,1146918706.457329
2021-04-09,2021-04-10,0.437371549,0.475088165,0.430955239,0.452574098,169393168.1029645,1149562415.5121863
2021-04-08,2021-04-09,0.413907114,0.454625795,0.411461939,0.437371549,234165335.71429923,1115452832.5940547
2021-04-07,2021-04-08,0.458585548,0.481035246,0.401168677,0.417284374,372627494.53537667,1112624969.1836996
2021-04-06,2021-04-07,0.48158327,0.548553944,0.446206558,0.461115182,514047188.1528644,1240186183.0202858
2021-04-05,2021-04-06,0.408438038,0.483303599,0.395222571,0.477441363,150911693.0243234,1076717039.1006799
2021-04-04,2021-04-05,0.387752489,0.421753814,0.383979996,0.409092667,130776972.2760035,1031096875.6545757
2021-04-03,2021-04-04,0.427857412,0.444927831,0.387831633,0.38856222,128011684.67061354,1077584098.7018833
2021-04-02,2021-04-03,0.443879699,0.466495307,0.421662479,0.42598246,179501374.25227043,1121795172.6968231
2021-04-01,2021-04-02,0.422987538,0.455166958,0.410229005,0.444875695,213563354.955357,1097896123.8233426
2021-03-31,2021-04-01,0.432671737,0.447839155,0.402204186,0.423014603,273885633.4888515,1084506059.0949178
2021-03-30,2021-03-31,0.432107291,0.47824417,0.424784274,0.428914544,251343871.39685807,1134420698.534961
2021-03-29,2021-03-30,0.393740894,0.437790922,0.385313484,0.436342134,214457655.38813865,1052969855.4220387
2021-03-28,2021-03-29,0.360003233,0.41943212,0.355202877,0.390929688,153780149.33931226,980529708.0482386
2021-03-27,2021-03-28,0.367575173,0.373237224,0.342567458,0.359261988,111792359.74176455,914043503.5103537
2021-03-26,2021-03-27,0.324080896,0.37595452,0.324080896,0.368339826,141169709.00315145,895647765.1196531
2021-03-25,2021-03-26,0.339058659,0.351420082,0.315880986,0.323981035,167528489.2884981,842354257.3379154
2021-03-24,2021-03-25,0.380543349,0.410391891,0.320222962,0.340673554,122690734.72734211,984466732.592286
2021-03-23,2021-03-24,0.395855973,0.410188451,0.365638626,0.383516658,172839436.32601735,997762075.5248802
2021-03-22,2021-03-23,0.425708576,0.454143581,0.388447402,0.396876127,154381290.80038974,1082546150.6302052
2021-03-21,2021-03-22,0.428105696,0.440995196,0.397343393,0.425921168,207346004.8902898,1062102546.1736424
2021-03-20,2021-03-21,0.413921265,0.486766187,0.412814621,0.429043079,181968140.52334026,1145751726.7561128
2021-03-19,2021-03-20,0.397983594,0.438351362,0.387167508,0.413921265,139394233.72820938,1059166103.2158005
2021-03-18,2021-03-19,0.425771605,0.443459168,0.391498534,0.398815265,198734671.80720988,1049302511.1728237
2021-03-17,2021-03-18,0.380986082,0.434341979,0.369205998,0.428824099,145175114.5176626,1001712928.1107937
2021-03-16,2021-03-17,0.367326304,0.406817227,0.351166504,0.380203034,159183255.08006713,963573456.8123397
2021-03-15,2021-03-16,0.391377971,0.419408433,0.355008859,0.367824498,157799289.86948985,972711530.971791
2021-03-14,2021-03-15,0.407046742,0.420718017,0.378420971,0.39275292,180670029.7394572,1018948626.5981761
2021-03-13,2021-03-14,0.389336717,0.443136356,0.364385571,0.407046742,311993832.5720711,1044601529.8668406
2021-03-12,2021-03-13,0.443286176,0.445549117,0.361426605,0.389191405,273279865.732943,1050369801.5337633
2021-03-11,2021-03-12,0.457547596,0.468464335,0.439900985,0.444190223,246345410.92723957,1152660509.8169053
2021-03-10,2021-03-11,0.529732625,0.548057231,0.449286903,0.458859311,387972808.5049692,1249621343.9272273
2021-03-09,2021-03-10,0.450766353,0.544095376,0.437677384,0.527513926,292266000.1868649,1212474320.150763
2021-03-08,2021-03-09,0.444979403,0.47060848,0.428476132,0.448670236,183242877.57238084,1129267338.4669344
2021-03-07,2021-03-08,0.441643005,0.47061894,0.426225702,0.450158614,159387409.5937007,1140017369.8106081
2021-03-06,2021-03-07,0.460226639,0.468718311,0.428867774,0.442974863,185789482.79433954,1137411489.7193956
2021-03-05,2021-03-06,0.460064569,0.488493077,0.421704955,0.459624693,286573175.7328257,1160176102.844258
2021-03-04,2021-03-05,0.522101025,0.525162022,0.445234404,0.461397217,341813842.48183364,1259140043.5263646
2021-03-03,2021-03-04,0.518990172,0.603313782,0.511133677,0.524585229,474273186.4334933,1388651467.7368493
2021-03-02,2021-03-03,0.582816456,0.58648249,0.487069096,0.518631708,819324788.3751667,1336625780.5141945
2021-03-01,2021-03-02,0.422419271,0.641456081,0.417268524,0.584614678,833090490.3243755,1396206624.2850494
2021-02-28,2021-03-01,0.470482883,0.495687902,0.38258877,0.418085273,563423285.5170841,1077726239.1869566
2021-02-27,2021-02-28,0.520832498,0.556790399,0.444125299,0.472161697,820516790.8555492,1238527381.7566862
2021-02-26,2021-02-27,0.595997587,0.693418466,0.501277798,0.513973993,1467280996.8851411,1457360709.955675
2021-02-25,2021-02-26,0.652102896,0.864008843,0.608821978,0.608821978,1397676812.0717196,1833830657.5606449
2021-02-24,2021-02-25,0.445414253,0.666894343,0.416264579,0.655370526,959298490.9766828,1408124456.156344
2021-02-23,2021-02-24,0.458167112,0.512157527,0.332508414,0.438429019,933322811.9957918,1086906654.02016
2021-02-22,2021-02-23,0.346130019,0.482381807,0.312477972,0.454799504,746544382.7914046,989172592.0245738
2021-02-21,2021-02-22,0.234826634,0.373869396,0.228371428,0.344029638,352725837.50079525,758477985.6389617
2021-02-20,2021-02-21,0.244174391,0.288931218,0.218475647,0.233089392,245992221.93621948,654200681.9515108
2021-02-19,2021-02-20,0.211205279,0.249524901,0.192106503,0.244935968,183185636.55516616,529373806.3086425
2021-02-18,2021-02-19,0.165751962,0.227930707,0.165751962,0.210488399,165011680.7849517,513386217.89892197
2021-02-17,2021-02-18,0.172177131,0.173955289,0.154079067,0.165770746,76114952.35428938,423022662.1224936
2021-02-16,2021-02-17,0.173273386,0.189177965,0.163786457,0.172542384,135077381.58999225,451238618.1759488
2021-02-15,2021-02-16,0.169756849,0.19759956,0.140712075,0.173368187,105955748.14840156,435717562.76057
2021-02-14,2021-02-15,0.181096171,0.182640675,0.163899266,0.170233952,107613633.80174696,450886226.0031966
2021-02-13,2021-02-14,0.185433625,0.197696653,0.172202673,0.180937483,177217646.3493035,474646896.7880437
2021-02-12,2021-02-13,0.178569884,0.198333896,0.17205182,0.185581831,285400250.0935472,475928148.65754914
2021-02-11,2021-02-12,0.139684066,0.186870057,0.135879192,0.178870986,149922535.3024274,400128277.30096406
2021-02-10,2021-02-11,0.14888227,0.156644636,0.129269085,0.139227471,127256167.42786959,365440928.1641792
2021-02-09,2021-02-10,0.146405572,0.153764018,0.138425546,0.148658053,115819522.09860173,367619979.72020626
2021-02-08,2021-02-09,0.132309611,0.147909205,0.128496086,0.147779124,86384285.59091146,346624328.5581084
2021-02-07,2021-02-08,0.140930829,0.143588532,0.121472698,0.131896178,95267182.86806081,339450351.7616811
2021-02-06,2021-02-07,0.163312029,0.170729726,0.135378206,0.140617466,161277551.31276226,363658250.19003475
2021-02-05,2021-02-06,0.134434428,0.172639182,0.134434428,0.160495643,145448330.60374936,375541322.5278615
2021-02-04,2021-02-05,0.13089407,0.148739248,0.128267661,0.135278829,148447245.235028,348734615.84719133
2021-02-03,2021-02-04,0.126704552,0.156691501,0.125108887,0.131207131,267345760.3897218,353359190.10817134
2021-02-02,2021-02-03,0.107839022,0.132872965,0.097381647,0.125556602,134486679.93397605,280584045.8205367
2021-02-01,2021-02-02,0.123542537,0.123542537,0.106073973,0.106904797,160476390.3853897,291392149.9908712
2021-01-31,2021-02-01,0.131841679,0.134423058,0.104447629,0.123753515,217516084.70970562,296741633.74751925
2021-01-30,2021-01-31,0.128304341,0.164867235,0.115271617,0.132549657,372202136.3783091,331432073.2548526
2021-01-29,2021-01-30,0.119472514,0.234979116,0.119472514,0.129931364,719456957.504629,388644751.7443942
2021-01-28,2021-01-29,0.081856943,0.127718633,0.077128896,0.119933068,259777436.54007173,243085037.38153264
2021-01-27,2021-01-28,0.072701515,0.083573749,0.065334679,0.083261442,217518367.62132037,190314939.25007153
2021-01-26,2021-01-27,0.052338818,0.074466377,0.050924458,0.073504663,90719938.80591962,147021225.5190809
2021-01-25,2021-01-26,0.05656037,0.063800208,0.052455717,0.052455717,216799688.72119042,144311523.53935325
2021-01-24,2021-01-25,0.040567583,0.058083412,0.039668549,0.055999822,213908570.74265403,127823152.98477963
2021-01-23,2021-01-24,0.027106357,0.042767698,0.026784519,0.040629045,40515478.54783886,81510200.58565551
2021-01-22,2021-01-23,0.026452772,0.02821561,0.024410303,0.027034686,25149006.504797064,68450858.90214203
2021-01-21,2021-01-22,0.028622291,0.02893929,0.025849773,0.026399477,18591771.299978454,70633247.7327416
2021-01-20,2021-01-21,0.028308906,0.028789727,0.025893956,0.028757885,17438524.802839465,70346163.92671162
2021-01-19,2021-01-20,0.029799648,0.030988569,0.028381035,0.028486219,17709107.178817786,75777560.18794604
2021-01-18,2021-01-19,0.030011608,0.031451601,0.02869342,0.029734325,25405785.263144724,76034645.92304158
2021-01-17,2021-01-18,0.028595269,0.030950829,0.026404912,0.029899814,25263133.795489307,72806688.73661627
2021-01-16,2021-01-17,0.026371372,0.030607264,0.026371372,0.028633046,30843367.30136232,72503171.12059861
2021-01-15,2021-01-16,0.02453365,0.027659249,0.023726689,0.026307362,20683338.11478369,64948627.98030444
2021-01-14,2021-01-15,0.023942368,0.025232162,0.023114609,0.024526152,14946015.749249257,61834531.9494553
2021-01-13,2021-01-14,0.021947033,0.024266653,0.021126868,0.023837401,18804110.55566408,58758848.05422907
2021-01-12,2021-01-13,0.022170734,0.024447681,0.021537207,0.021876659,26392027.95668237,57465670.52902601
2021-01-11,2021-01-12,0.025245325,0.025245325,0.019247891,0.022173939,30213111.329207208,55619661.29261333
2021-01-10,2021-01-11,0.027388268,0.029050954,0.023732951,0.025359808,26087752.787032425,68724740.32660457
2021-01-09,2021-01-10,0.02627061,0.028923817,0.02518196,0.027521804,29400435.798518263,68867222.06095713
2021-01-08,2021-01-09,0.023976234,0.027388943,0.021583596,0.026489025,31335115.45501919,62467401.93277551
2021-01-07,2021-01-08,0.024461959,0.027246694,0.023392118,0.023954055,35481459.66815184,65341612.21663354
2021-01-06,2021-01-07,0.020636701,0.024305448,0.020095159,0.024305448,22768101.68964594,54866946.75560084
2021-01-05,2021-01-06,0.020538534,0.021361859,0.018835229,0.020541083,31329892.128227703,51502541.258218765
2021-01-04,2021-01-05,0.018847631,0.020735688,0.016998552,0.020466706,32177835.755941086,48326481.583444506
2021-01-03,2021-01-04,0.016329973,0.019237704,0.016170703,0.0188105,13745818.66181136,43735173.32037951
2021-01-02,2021-01-03,0.017233111,0.017233111,0.0160536,0.016331867,11055721.386379393,42422792.44524062
2021-01-01,2021-01-02,0.016956604,0.017884258,0.01668235,0.017161478,10520108.997521691,43790801.740532175
2020-12-31,2021-01-01,0.016622051,0.017106403,0.016054834,0.016978872,13129204.477412544,42312242.290420465
2020-12-30,2020-12-31,0.016371786,0.017059536,0.01564707,0.016581324,11458416.71418254,41005829.48593602
2020-12-29,2020-12-30,0.01742372,0.017713562,0.015698549,0.016370543,14039767.401060333,41968267.578122444
2020-12-28,2020-12-29,0.016692953,0.017978322,0.016550847,0.017500102,13162956.648860225,44007298.28401976
2020-12-27,2020-12-28,0.01664286,0.017519749,0.01626081,0.016723531,12023843.56424986,43182740.809110954
2020-12-26,2020-12-27,0.017251929,0.017302735,0.016286621,0.016670106,9034796.726219743,42692490.04729013
2020-12-25,2020-12-26,0.01759683,0.018312208,0.016773241,0.017281598,9377251.109628493,44674787.91232767
2020-12-24,2020-12-25,0.016309716,0.017618486,0.015524597,0.017618486,13327882.78825629,41886546.21446825
2020-12-23,2020-12-24,0.018915812,0.019334192,0.014851856,0.016490514,10125436.577704906,45812206.683491744
2020-12-22,2020-12-23,0.019000653,0.019301949,0.017967394,0.018906755,12277156.30371032,48124709.38512502
2020-12-21,2020-12-22,0.020902318,0.021747924,0.018958859,0.019138874,18801878.76486398,51307831.17907335
2020-12-20,2020-12-21,0.020764208,0.021808083,0.019930196,0.020873713,12672917.38087632,52332099.078386575
2020-12-19,2020-12-20,0.020252671,0.021437861,0.020056265,0.020743226,11597235.652370514,53063831.4702442
2020-12-18,2020-12-19,0.019568061,0.020679363,0.019149857,0.020164728,13684810.777092362,51107741.462804966
2020-12-17,2020-12-18,0.020845016,0.021295855,0.019515448,0.019637315,12938006.903239133,52138886.45502608
2020-12-16,2020-12-17,0.021038089,0.021390564,0.020178676,0.020885712,9182454.671353007,52611576.903817035
2020-12-15,2020-12-16,0.02101889,0.021414465,0.020521727,0.021038809,9993092.030351374,53462242.694236204
2020-12-14,2020-12-15,0.01991895,0.021223696,0.019446763,0.020985061,9869724.551236784,51737057.61168517
2020-12-13,2020-12-14,0.01911196,0.020745194,0.018901007,0.019841776,9089449.765286608,50276286.81736786
2020-12-12,2020-12-13,0.018341171,0.01930788,0.018341171,0.019056568,9423929.717281122,48496660.285891324
2020-12-11,2020-12-12,0.019964354,0.019964354,0.0180062,0.018510547,16302209.100488683,47766087.43873888
2020-12-10,2020-12-11,0.019597308,0.020373567,0.01880352,0.020004478,15068292.52052265,49723076.067116946
2020-12-09,2020-12-10,0.019038264,0.019960491,0.017679547,0.019686838,14882543.169554174,48221603.776602454
2020-12-08,2020-12-09,0.021738993,0.021738993,0.018872488,0.019053778,10567716.586845396,52264283.4566906
2020-12-07,2020-12-08,0.021996685,0.022635214,0.021381246,0.021729874,9400818.502372276,55429016.579360455
2020-12-06,2020-12-07,0.022480051,0.022960573,0.02108802,0.021960266,9823135.889928771,55844855.49449779
2020-12-05,2020-12-06,0.020935776,0.022591006,0.020684318,0.022497119,11636514.856650328,55366064.73171837
2020-12-04,2020-12-05,0.022891047,0.023116496,0.020811808,0.021042246,15513306.28455251,55875611.81648638
2020-12-03,2020-12-04,0.022650889,0.024369907,0.022395237,0.022888354,17782161.655512173,58957071.55745519
2020-12-02,2020-12-03,0.020467858,0.022986339,0.020120484,0.02264643,14592145.824276365,54545338.567985654
2020-12-01,2020-12-02,0.021029231,0.023129683,0.020284121,0.020539165,16519564.417673362,54983813.27590057
2020-11-30,2020-12-01,0.019311175,0.021071379,0.019311175,0.021017954,11228653.447927471,52008099.17945418
2020-11-29,2020-11-30,0.019400511,0.020153214,0.018924945,0.019279445,9660253.788450368,49353695.55096787
2020-11-28,2020-11-29,0.018013992,0.019969357,0.017724259,0.019404838,13374404.806107542,48018802.11127043
2020-11-27,2020-11-28,0.018310006,0.018993608,0.017042971,0.017933413,16945872.249521405,45535509.52904808
2020-11-26,2020-11-27,0.022613808,0.023500209,0.016774753,0.018218943,32136467.702973064,42859334.26993579
2020-11-25,2020-11-26,0.023504778,0.025509603,0.021863395,0.022778302,28084644.309644066,50174250.17448159
2020-11-24,2020-11-25,0.022224701,0.02412632,0.021636424,0.023514504,33198292.280407317,48213729.317537576
2020-11-23,2020-11-24,0.018839229,0.022434831,0.018697365,0.022209187,19348593.88730182,43841033.53856161
2020-11-22,2020-11-23,0.020006596,0.020339259,0.017767843,0.01891264,16825682.57947024,40610013.37903876
2020-11-21,2020-11-22,0.018525094,0.0205915,0.01820547,0.020114665,16001824.985973723,41549965.325166486
2020-11-20,2020-11-21,0.018073012,0.019249041,0.018073012,0.018491601,15669756.067915265,39764109.34080213
2020-11-19,2020-11-20,0.017373062,0.018955388,0.016745216,0.0180614,14488163.580555351,37627116.124312505
2020-11-18,2020-11-19,0.019525201,0.019656317,0.016444106,0.017403994,15380159.821425958,37917658.312827975
2020-11-17,2020-11-18,0.01927531,0.02011005,0.018373586,0.019526288,15854147.978045894,40990354.34192607
2020-11-16,2020-11-17,0.017655136,0.019905085,0.017318347,0.019262183,13263494.616396978,40043659.75874405
2020-11-15,2020-11-16,0.017981709,0.01869354,0.017184436,0.017643521,10920385.118016835,38481047.9362492
2020-11-14,2020-11-15,0.018654958,0.018880251,0.017163017,0.018022297,12658029.93727737,38337052.34601076
2020-11-13,2020-11-14,0.017571645,0.019218961,0.017451144,0.018606502,17040813.940475937,38952674.41820036
2020-11-12,2020-11-13,0.019776535,0.020327761,0.017144622,0.017566569,16679680.046550203,39785367.61630307
2020-11-11,2020-11-12,0.020902705,0.022007872,0.019783017,0.019831194,18571550.558918376,44202660.2905164
2020-11-10,2020-11-11,0.018139978,0.020954176,0.017934963,0.020812485,14291748.341637937,42206679.49741705
2020-11-09,2020-11-10,0.019374066,0.019440185,0.017681616,0.018141147,15611190.245419601,39586218.19093977
2020-11-08,2020-11-09,0.017985542,0.019955747,0.017580723,0.019285597,23390905.618279297,40618623.279347315
2020-11-07,2020-11-08,0.017953126,0.021924162,0.016955664,0.017978077,25097676.23589088,40733798.018506505
2020-11-06,2020-11-07,0.014385299,0.018278335,0.014299859,0.017970335,18905258.881571665,35515998.20213073
2020-11-05,2020-11-06,0.013818509,0.015096427,0.013398979,0.014432608,13548558.15047246,30117662.052634437
2020-11-04,2020-11-05,0.015219017,0.01523804,0.012881224,0.013804824,10332690.52566615,30243881.22861307
2020-11-03,2020-11-04,0.015974734,0.01606657,0.01456753,0.015223606,11996094.062182264,32296521.67711332
2020-11-02,2020-11-03,0.016126155,0.017383306,0.015924324,0.015924324,13659244.256130418,35240928.99542077
2020-11-01,2020-11-02,0.016717425,0.017020389,0.015785411,0.016090275,12804057.229207957,34742042.19366223
2020-10-31,2020-11-01,0.017131987,0.018422411,0.016343563,0.016724193,20213245.506417204,36658939.6147699
2020-10-30,2020-10-31,0.016745413,0.017526454,0.015039491,0.017168675,16659057.757134221,34598890.68969326
2020-10-29,2020-10-30,0.018935384,0.019266311,0.016166692,0.016769088,16115820.50209615,38108001.29905263
2020-10-28,2020-10-29,0.021602961,0.021764493,0.018341494,0.018934084,18683736.017849106,42070091.46787182
2020-10-27,2020-10-28,0.021888052,0.022868479,0.021324496,0.021609344,14154937.88213834,46673550.937518954
2020-10-26,2020-10-27,0.02418805,0.024666504,0.021874273,0.02198236,9848470.393180558,49964207.736498706
2020-10-25,2020-10-26,0.025880715,0.026214831,0.023738577,0.024200045,13278111.244377065,52934915.7863139
2020-10-24,2020-10-25,0.024427439,0.026274902,0.024025676,0.025815071,11664960.650073387,53186230.45116255
2020-10-23,2020-10-24,0.025117397,0.02573281,0.02362152,0.024431579,16496309.48201447,52718474.12479245
2020-10-22,2020-10-23,0.023752722,0.027455997,0.023605763,0.024991588,14456227.295767086,53153068.50598776
2020-10-21,2020-10-22,0.022734793,0.025063252,0.022734793,0.023705416,14219889.474188,50718412.3403223
2020-10-20,2020-10-21,0.025182641,0.025419461,0.021640761,0.022749349,11540558.42410117,49871780.469846785
2020-10-19,2020-10-20,0.026180769,0.026261686,0.024909891,0.025127733,9297448.443384577,54264639.99514105
2020-10-18,2020-10-19,0.025975464,0.02717897,0.025874698,0.026196109,12896576.18170889,56288497.71481043
2020-10-17,2020-10-18,0.025174146,0.026309089,0.024609086,0.02603546,15596707.511501051,54155034.656926624
2020-10-16,2020-10-17,0.029941631,0.030225349,0.025214643,0.025221489,18356730.528271805,59562059.57680947
2020-10-15,2020-10-16,0.028900067,0.031008908,0.026905504,0.029946171,18434907.96499254,61645211.86351187
2020-10-14,2020-10-15,0.03110782,0.031464007,0.027657773,0.028920482,12131226.146823518,63000112.840220146
2020-10-13,2020-10-14,0.031838439,0.032810401,0.030633678,0.031128621,13930310.263168538,67418325.54351136
2020-10-12,2020-10-13,0.032539394,0.034353209,0.030951051,0.031899028,19016979.50941061,69242660.84933698
2020-10-11,2020-10-12,0.031245386,0.033149198,0.030108315,0.032715537,15786481.46461973,66593300.75626614
2020-10-10,2020-10-11,0.031572319,0.03352052,0.031099353,0.031300438,22382788.36312967,68040427.95172797
2020-10-09,2020-10-10,0.029220987,0.031969441,0.028565124,0.031607261,19451783.543515373,64464207.93025642
2020-10-08,2020-10-09,0.027046028,0.028913657,0.025276074,0.028913657,15026913.348726835,56569171.33726341
2020-10-07,2020-10-08,0.02588792,0.027841406,0.023824858,0.026920179,17796321.186945524,53576961.359970346
2020-10-06,2020-10-07,0.03017521,0.030272353,0.02517396,0.02590137,13552635.201029709,57642679.51277026
2020-10-05,2020-10-06,0.031936232,0.032172714,0.029128826,0.030169427,12884802.221176008,64724266.217660315
2020-10-04,2020-10-05,0.031097979,0.032398135,0.029772641,0.031947355,17265978.786635358,66028658.44117526
2020-10-03,2020-10-04,0.033866627,0.034374512,0.031398526,0.031398526,18899347.25771453,69931966.28696248
2020-10-02,2020-10-03,0.037352424,0.037709506,0.030870774,0.033937346,23904244.69489625,72337952.00110239
2020-10-01,2020-10-02,0.039200018,0.040199124,0.036285646,0.037198518,19727397.87962155,82125569.00335452
2020-09-30,2020-10-01,0.039270363,0.039270363,0.036401425,0.038900296,16986703.344596587,80172069.35553294
2020-09-29,2020-09-30,0.039342836,0.040505742,0.03762921,0.03922113,26045367.59325505,83874493.35579555
2020-09-28,2020-09-29,0.039780617,0.044230648,0.038944906,0.039406878,18693227.390261743,86129163.71516058
2020-09-27,2020-09-28,0.040191057,0.040711173,0.037933064,0.039780826,17554058.525376435,83852165.15023093
2020-09-26,2020-09-27,0.041772672,0.042238198,0.038723071,0.040261842,23184366.384675473,85072593.77641183
2020-09-25,2020-09-26,0.03957684,0.042402499,0.036839849,0.041840975,28246834.811230417,82905669.31523752
2020-09-24,2020-09-25,0.035256178,0.040440029,0.034548328,0.039546008,26438487.62233869,79112701.20735237
2020-09-23,2020-09-24,0.044672907,0.045677624,0.034418849,0.035369825,28784217.574342802,84988818.7380419
2020-09-22,2020-09-23,0.037299793,0.044871587,0.03603667,0.044745174,36161733.85464892,86195209.61404094
2020-09-21,2020-09-22,0.034522706,0.042654613,0.033002383,0.036990638,30884120.019678287,77747512.5578647
2020-09-20,2020-09-21,0.03974274,0.040307861,0.032835321,0.034558601,34721534.416044526,76843452.51490241
2020-09-19,2020-09-20,0.039013421,0.047321731,0.037174602,0.040093767,54165693.22568324,86085527.19655608
2020-09-18,2020-09-19,0.026995816,0.038848228,0.026272341,0.037268748,16951048.59220034,64043425.54155335
2020-09-17,2020-09-18,0.02678938,0.028887061,0.026220191,0.026872395,8446939.254172508,57412184.40803211
2020-09-16,2020-09-17,0.026675481,0.027439319,0.025283028,0.026792162,10027439.78881503,55915725.25154555
2020-09-15,2020-09-16,0.029474127,0.033265643,0.026511094,0.026784739,14507939.610323818,62139202.33607248
2020-09-14,2020-09-15,0.026904176,0.030758751,0.025506028,0.029405182,11388029.649399642,59777402.85640804
2020-09-13,2020-09-14,0.030144249,0.030194852,0.025134146,0.026835754,10302981.486209838,59410500.43120279
2020-09-12,2020-09-13,0.030722378,0.030983407,0.028778271,0.030056013,9410762.415845357,63694830.52331588
2020-09-11,2020-09-12,0.032464601,0.032593116,0.029409672,0.030624645,11757218.074993797,64316045.76537934
2020-09-10,2020-09-11,0.030469603,0.033466552,0.030469603,0.032448533,15628184.465395868,68435904.15351348
2020-09-09,2020-09-10,0.029630691,0.033432677,0.027949496,0.030650518,13209818.914630681,64167967.468581825
2020-09-08,2020-09-09,0.032276848,0.033614103,0.028088066,0.029670872,15559526.65570509,63373411.36214682
2020-09-07,2020-09-08,0.033599571,0.035636561,0.027448453,0.032254522,19091453.371408015,65173504.4704084
2020-09-06,2020-09-07,0.030394737,0.035313432,0.024355775,0.033610606,24537261.702192165,64696652.6800935
2020-09-05,2020-09-06,0.04473155,0.045173232,0.025334673,0.030284178,19579532.362158313,79450960.7923732
2020-09-04,2020-09-05,0.040967566,0.045854575,0.035912341,0.043961106,26689919.416642133,86201256.22002126
2020-09-03,2020-09-04,0.055275081,0.055275081,0.040522636,0.041352539,47686623.146357164,99635586.8012125
2020-09-02,2020-09-03,0.039862618,0.055162217,0.039286672,0.055162217,53569378.584733576,102209377.35295194
2020-09-01,2020-09-02,0.039510504,0.04158035,0.034703891,0.039730036,33723591.39418364,79614944.68716544
2020-08-31,2020-09-01,0.03548349,0.046233663,0.03548349,0.039301113,49631239.525441654,84570700.68707938
2020-08-30,2020-08-31,0.026657928,0.035532734,0.026530278,0.035434199,12511220.191066474,62296264.46132626
2020-08-29,2020-08-30,0.027735747,0.028892357,0.026591813,0.026624504,8867841.23395063,58204342.062577404
2020-08-28,2020-08-29,0.026361057,0.027887537,0.026072093,0.02768005,9735867.053964686,56949271.12396382
2020-08-27,2020-08-28,0.028718687,0.029172706,0.025366233,0.026458812,10254133.0327557,57307496.350147665
2020-08-26,2020-08-27,0.029480664,0.031165876,0.027782353,0.028802934,11658733.738539215,61597115.10084776
2020-08-25,2020-08-26,0.03161792,0.03161792,0.027319289,0.029444842,11217540.209482523,62400363.81288394
2020-08-24,2020-08-25,0.033194034,0.033587473,0.031505106,0.031505106,9131958.998538548,68457485.99700679
2020-08-23,2020-08-24,0.032068421,0.034675289,0.031538957,0.033319961,13235806.91042225,69116007.67940079
2020-08-22,2020-08-23,0.028078565,0.034599971,0.025176839,0.032071265,19761287.886232305,66194929.098341346
2020-08-21,2020-08-22,0.035431178,0.035759627,0.028264784,0.028369267,21337995.693241026,68911388.14479804
2020-08-20,2020-08-21,0.029766078,0.037670904,0.02933201,0.035538499,22723045.096799627,71467072.33206457
2020-08-19,2020-08-20,0.029711851,0.030762759,0.02663494,0.029678244,19902513.14783711,61198958.196972236
2020-08-18,2020-08-19,0.026299715,0.032218233,0.026220609,0.029709214,18720617.838224024,61600170.08928687
2020-08-17,2020-08-18,0.026097618,0.02851253,0.025667204,0.026371981,19094552.53672672,57162364.020441115
2020-08-16,2020-08-17,0.027219912,0.028877154,0.025156331,0.026155845,37889134.24422513,55709099.397189096
2020-08-15,2020-08-16,0.019835847,0.029748889,0.019433894,0.027557665,12751630.67044296,45945204.31071357
2020-08-14,2020-08-15,0.019240779,0.020628312,0.018620994,0.019855842,10360769.150843434,41960874.821635954
2020-08-13,2020-08-14,0.018669225,0.021450775,0.018388645,0.019277215,17770684.858487822,42017551.71595384
2020-08-12,2020-08-13,0.016145021,0.019325375,0.014936855,0.018617742,12136778.109429546,35838264.27151749
2020-08-11,2020-08-12,0.018391054,0.018391054,0.015370512,0.016100039,11758553.159802841,35343000.530481905
2020-08-10,2020-08-11,0.018056783,0.018509075,0.017062664,0.018399873,11809249.705670932,37313170.24835995
2020-08-09,2020-08-10,0.017438869,0.018948039,0.016863147,0.018047318,11045562.81040228,37464344.30819357
2020-08-08,2020-08-09,0.016592861,0.017824196,0.016331724,0.017406594,9394037.668195397,35862479.85284835
2020-08-07,2020-08-08,0.016120778,0.017551257,0.015512132,0.016538413,11612840.676716156,35270535.40975938
2020-08-06,2020-08-07,0.015873356,0.017100603,0.015558293,0.016076506,14966001.952588465,34340958.282794036
2020-08-05,2020-08-06,0.013710517,0.016156121,0.013480764,0.015898303,9470014.416081034,30843778.99342411
2020-08-04,2020-08-05,0.013260653,0.013895115,0.01290615,0.013699403,7574999.533214761,28348400.949964568
2020-08-03,2020-08-04,0.012971121,0.013760255,0.012947628,0.013255775,5226597.936319785,28019039.7803075
2020-08-02,2020-08-03,0.01290574,0.013635283,0.01195401,0.012969727,4782258.681267963,27217413.199316088
2020-08-01,2020-08-02,0.013176214,0.013604516,0.01286075,0.012899411,4871249.509139893,27730843.555328682
2020-07-31,2020-08-01,0.013852147,0.014186382,0.013100812,0.013204397,6808534.816116882,28182554.846934397
2020-07-30,2020-07-31,0.012579833,0.014595722,0.012579833,0.01386438,5901788.759878994,28002326.507299628
2020-07-29,2020-07-30,0.012896794,0.013835539,0.012523535,0.012643058,4667908.992501415,27112598.22733504
2020-07-28,2020-07-29,0.012349913,0.013964712,0.012162371,0.012890239,8576392.858470447,26891584.64730114
2020-07-27,2020-07-28,0.014956497,0.01517353,0.01123183,0.012347706,11185499.571448375,26373634.75649272
2020-07-26,2020-07-27,0.013974603,0.014982257,0.013346293,0.014663134,7496505.116601459,29127725.610320143
2020-07-25,2020-07-26,0.014737762,0.0155749,0.013901862,0.014012457,6742876.117679898,30370602.07500411
2020-07-24,2020-07-25,0.014584191,0.014603572,0.013658934,0.014514643,6047991.624229263,29343486.755187728
2020-07-23,2020-07-24,0.01478968,0.015810845,0.014089451,0.01455028,8867135.534117648,30741707.060243264
2020-07-22,2020-07-23,0.015233909,0.016431816,0.014930478,0.01515279,17167064.036186706,32382823.950498648
2020-07-21,2020-07-22,0.016241153,0.018946008,0.014825598,0.015306395,35866972.14929374,33250271.005770758
2020-07-20,2020-07-21,0.012686911,0.01645309,0.012373175,0.016433625,16424709.891029634,29741440.236241966
2020-07-19,2020-07-20,0.012050843,0.012673403,0.01164004,0.012673403,7057623.471521435,25320661.152383327
2020-07-18,2020-07-19,0.012596273,0.013023022,0.011761617,0.012056243,14464798.97019993,25416150.107540403
2020-07-17,2020-07-18,0.010168151,0.012476445,0.009934722,0.012295364,7672884.631148694,23032155.376282115
2020-07-16,2020-07-17,0.01069033,0.010758481,0.009521104,0.01010237,3481273.594854824,21536665.258222606
2020-07-15,2020-07-16,0.010861277,0.01094561,0.010390898,0.010683188,3623587.253018073,22741024.92124244
2020-07-14,2020-07-15,0.010738165,0.011128372,0.01055149,0.010810642,6726311.541668255,23017897.888956275
2020-07-13,2020-07-14,0.011807856,0.012136857,0.010719132,0.010838335,8477706.071531858,21344415.373651724
2020-07-12,2020-07-13,0.011268317,0.012705163,0.011268317,0.011791969,9037901.616666893,21314423.532145694
2020-07-11,2020-07-12,0.01030556,0.012257092,0.010282693,0.011411711,8530629.627992777,20273198.744741186
2020-07-10,2020-07-11,0.011147081,0.011278688,0.009915506,0.010300922,6902522.413616494,18847521.674080193
2020-07-09,2020-07-10,0.01149301,0.011608174,0.010597845,0.011137093,7622139.282531849,20267261.368079763
2020-07-08,2020-07-09,0.012105307,0.01216705,0.011388802,0.011437475,10285116.505464975,21293813.46852797
2020-07-07,2020-07-08,0.012406635,0.013433348,0.012052815,0.012083231,18787570.450915143,22664021.453581274
2020-07-06,2020-07-07,0.0110433,0.013735211,0.010624556,0.012429601,20904485.27963905,22048047.035794698
2020-07-05,2020-07-06,0.01141129,0.012055049,0.010297179,0.010919993,19535855.440744624,20328880.65961721
2020-07-04,2020-07-05,0.012789008,0.013998551,0.011373054,0.011417428,45919975.721968904,22553176.515753042
2020-07-03,2020-07-04,0.00878636,0.013171529,0.008365868,0.012836918,43406978.72574968,19572782.10196863
2020-07-02,2020-07-03,0.00593937,0.009883152,0.005917636,0.008886458,10296946.746104715,13556400.42787703
2020-07-01,2020-07-02,0.006007737,0.006076134,0.005796218,0.005941127,1606072.406495362,10808140.19303256
2020-06-30,2020-07-01,0.00592019,0.006130495,0.005765306,0.006050644,1504866.580702055,10735466.75092319
2020-06-29,2020-06-30,0.006022703,0.006060951,0.005654416,0.005948205,1448907.0362524388,10658365.388333919
2020-06-28,2020-06-29,0.005760188,0.006091694,0.005631218,0.005998006,1767487.069637973,10659762.145017559
2020-06-27,2020-06-28,0.006308542,0.006451466,0.005588466,0.005738472,1654703.9745885686,11153117.812825905
2020-06-26,2020-06-27,0.006612072,0.006862493,0.006210866,0.006343377,1915866.936430891,11797813.498153389
2020-06-25,2020-06-26,0.006543637,0.006789025,0.006188579,0.006653192,2142968.9321861556,11857830.842779526
2020-06-24,2020-06-25,0.007107571,0.007170656,0.006432897,0.00656642,2063678.231288342,12218760.181873914
2020-06-23,2020-06-24,0.007012949,0.007177649,0.006983222,0.00703832,2744420.6884813104,12836375.916606989
2020-06-22,2020-06-23,0.007270449,0.007435165,0.006823728,0.007047296,2407578.3861658275,13040941.807127163
2020-06-21,2020-06-22,0.007433076,0.007666982,0.007261894,0.007269435,1931936.7367074827,13604828.834471248
2020-06-20,2020-06-21,0.007551438,0.007756528,0.007308706,0.007525542,2712280.4206615346,13667894.256352762
2020-06-19,2020-06-20,0.007273587,0.007804486,0.007056684,0.007482478,3322958.840490012,13533217.207339406
2020-06-18,2020-06-19,0.006754726,0.007340441,0.006650679,0.007284347,1925606.601537553,12646785.67584955
2020-06-17,2020-06-18,0.00676904,0.006922034,0.006566672,0.006710955,1690166.3115100847,12268630.026308516
2020-06-16,2020-06-17,0.006558575,0.007029452,0.006353695,0.006783072,2609231.56883819,12279592.394490385
2020-06-15,2020-06-16,0.006597209,0.006638953,0.006016063,0.006622087,3405005.6615501586,11669944.370539023
2020-06-14,2020-06-15,0.006672034,0.007257166,0.006423187,0.006659587,3791746.3049986106,12491312.0346767
2020-06-13,2020-06-14,0.006018448,0.006806529,0.005953181,0.006760025,2507678.130996188,11527116.27565763
2020-06-12,2020-06-13,0.006105715,0.00626193,0.005873233,0.00601152,2941435.023275668,10961070.316569276
2020-06-11,2020-06-12,0.006593111,0.006798844,0.005940542,0.006094816,2736998.087282252,11668143.83577914
2020-06-10,2020-06-11,0.006395909,0.006679011,0.00609129,0.0065946,1527375.6156275985,11506832.24170146
2020-06-09,2020-06-10,0.006261209,0.006765793,0.006127502,0.006391157,1324120.0225442597,11402448.51299732
2020-06-08,2020-06-09,0.006262081,0.006381279,0.006183678,0.006282645,1470677.392420546,11405118.778920045
2020-06-07,2020-06-08,0.006358453,0.006459962,0.006070242,0.006301968,1295703.5713409467,11412437.179430662
2020-06-06,2020-06-07,0.006215565,0.006528734,0.006188998,0.006434858,1686851.448432939,11504791.579803085
2020-06-05,2020-06-06,0.00638497,0.006719194,0.006210509,0.006372036,2346925.504501162,11705686.291608911
2020-06-04,2020-06-05,0.006284223,0.006583169,0.006033709,0.006447603,2769431.741159801,11462138.835423624
2020-06-03,2020-06-04,0.005841829,0.006441135,0.005833478,0.006278226,2936545.8283231542,11124937.138035666
2020-06-02,2020-06-03,0.00575283,0.006203544,0.005490129,0.005892412,2947072.5900989217,10532395.331299014
2020-06-01,2020-06-02,0.005605055,0.006203515,0.005525288,0.005750522,2157964.0058082244,10546090.279944725
2020-05-31,2020-06-01,0.006000528,0.00636994,0.005594688,0.005669828,1930510.9342223902,10695231.733650727
2020-05-30,2020-05-31,0.005966722,0.006360621,0.005807753,0.005910587,1785252.315876129,11009227.492710436
2020-05-29,2020-05-30,0.005646394,0.00604898,0.005519145,0.005929614,1946463.0093612305,10476632.132850891
2020-05-28,2020-05-29,0.005613767,0.00575878,0.005395107,0.005691764,3341643.77498501,10093438.629110966
2020-05-27,2020-05-28,0.005820254,0.006001333,0.005360935,0.005523002,3179194.3496641098,10340499.694512041
2020-05-26,2020-05-27,0.005757818,0.006180969,0.005627683,0.005835058,3471321.8887683544,10655224.440221248
2020-05-25,2020-05-26,0.005581997,0.006044956,0.005460876,0.005701605,4594308.556678258,10346118.493656436
2020-05-24,2020-05-25,0.005775534,0.006177906,0.005404761,0.00551625,3488106.0633975905,10506570.429095179
2020-05-23,2020-05-24,0.00537768,0.005871347,0.005242571,0.005746184,2357727.428633667,9961861.713980094
2020-05-22,2020-05-23,0.004873637,0.005567511,0.004828439,0.005388935,2395165.391904824,9447920.472057566
2020-05-21,2020-05-22,0.005109929,0.005347716,0.004650308,0.004847987,2606556.1680633794,9147094.665210366
2020-05-20,2020-05-21,0.004861806,0.005540468,0.004808696,0.005193608,2735948.97343132,9271642.354063066
2020-05-19,2020-05-20,0.004645542,0.005146188,0.004524984,0.004831461,1486421.6790416252,8499325.401142402
2020-05-18,2020-05-19,0.004810463,0.005045807,0.004597898,0.004659618,1946982.4285052118,8528755.085872661
2020-05-17,2020-05-18,0.004899627,0.005083428,0.00450348,0.004764305,1902172.6638336738,8832750.624478282
2020-05-16,2020-05-17,0.005209808,0.005358343,0.004640005,0.004859284,2382273.2391694603,8991691.68102198
2020-05-15,2020-05-16,0.005519102,0.005682893,0.004995121,0.005208255,3634155.4666908784,9526964.576161865
2020-05-14,2020-05-15,0.004662259,0.005576355,0.004598939,0.005479093,4289734.60801748,9393789.955578513
2020-05-13,2020-05-14,0.003954349,0.004729295,0.003830811,0.004579576,1967284.9589993064,7760297.87535831
2020-05-12,2020-05-13,0.003969862,0.004069679,0.003813136,0.003873031,2283793.917723906,7133090.607145595
2020-05-11,2020-05-12,0.003633687,0.004083396,0.003537304,0.003941234,1531853.4627220498,6802582.374515433
2020-05-10,2020-05-11,0.003902453,0.003902453,0.003357266,0.003684566,1601187.3344429804,6377378.169833054
2020-05-09,2020-05-10,0.003996254,0.004349448,0.003890996,0.003914548,1319055.0091032882,7384796.55144161
2020-05-08,2020-05-09,0.004136441,0.004356745,0.003897335,0.004159354,1521865.992926597,7321460.028961282
2020-05-07,2020-05-08,0.003973633,0.004148956,0.003793973,0.004101599,1849249.4516938236,7243563.245512374
2020-05-06,2020-05-07,0.004406755,0.004432885,0.003990033,0.004089205,1361762.5877198586,7744331.983031557
2020-05-05,2020-05-06,0.004403067,0.004523692,0.004263949,0.004410702,1821869.4091520368,7954657.269934669
2020-05-04,2020-05-05,0.004631216,0.004654843,0.00419458,0.004351992,2488135.6685266634,7978841.462685142
2020-05-03,2020-05-04,0.004985867,0.005015711,0.004556995,0.004657034,1691799.5116968052,8739247.42024215
2020-05-02,2020-05-03,0.004920973,0.004995923,0.004763824,0.004945621,1768871.9550131108,8859403.744271375
2020-05-01,2020-05-02,0.004546063,0.005094882,0.004546063,0.004921329,2660902.0445597884,8909335.849839639
2020-04-30,2020-05-01,0.004851828,0.005162418,0.004465771,0.004530279,3276868.2996119503,8733149.720558163
2020-04-29,2020-04-30,0.004485626,0.004947193,0.004282246,0.004825761,2306778.5429547615,8471562.961098844
2020-04-28,2020-04-29,0.004433414,0.004565375,0.004163727,0.004465762,2679420.9288078723,7856867.262811452
2020-04-27,2020-04-28,0.004194854,0.004827951,0.004031552,0.004439843,3885959.111050774,7912888.630625286
2020-04-26,2020-04-27,0.003793617,0.004219676,0.003680406,0.004208987,1915806.2312837308,7165623.744233406
2020-04-25,2020-04-26,0.003349584,0.003822519,0.00330035,0.003780711,1656428.772538129,6402432.139320412
2020-04-24,2020-04-25,0.003148636,0.003522716,0.003146651,0.003343141,1339736.8127825412,6003730.406492509
2020-04-23,2020-04-24,0.003185628,0.003353972,0.003030373,0.003180381,1421116.06737649,5684733.288636894
2020-04-22,2020-04-23,0.003026037,0.003206388,0.002947816,0.00317057,1483859.8911163693,5630982.833648119
2020-04-21,2020-04-22,0.003011038,0.00311831,0.00298441,0.003009817,1271749.6881964423,5526985.369965334
2020-04-20,2020-04-21,0.003271113,0.003313112,0.002956899,0.00302428,1235054.9033488082,5767131.180325333
2020-04-19,2020-04-20,0.003317837,0.003359591,0.003229992,0.003262643,1215569.1451875027,5968862.750731944
2020-04-18,2020-04-19,0.003154898,0.003351245,0.003101707,0.003286477,1446039.984889198,5867908.799425359
2020-04-17,2020-04-18,0.003158231,0.003259008,0.003120262,0.003120262,1321476.4278782501,5752391.986739166
2020-04-16,2020-04-17,0.003010316,0.003236937,0.0029350090905067103,0.003161303,1693319.4145693977,5631446.227375856
2020-04-15,2020-04-16,0.003205752,0.003298622,0.00296477,0.002972497,1593207.437514324,5761385.843879358
2020-04-14,2020-04-15,0.00324054,0.003445268,0.003197734,0.003215456,1640635.408121386,5944622.315672753
2020-04-13,2020-04-14,0.003366772,0.003427553,0.00311652,0.003426697,1629094.090072286,5871133.6691764165
2020-04-12,2020-04-13,0.003291276,0.003550333,0.003203053,0.003384143,1716784.069194378,6080973.194034559
2020-04-11,2020-04-12,0.003341191,0.003420296,0.003199458,0.003270945,2475008.4511153772,5990656.097386274
2020-04-10,2020-04-11,0.003772585,0.003795178,0.003173175,0.003292988,2195726.7184517034,6235665.829326529
2020-04-09,2020-04-10,0.003469749,0.00382933,0.003387541,0.003784534,1763392.2878707456,6425341.222122734
2020-04-08,2020-04-09,0.003442114,0.003573432,0.003386681,0.003467298,2239534.134219514,6293746.395310573
2020-04-07,2020-04-08,0.003411173,0.003584961,0.00330795,0.003438709,2328962.3730645403,6211764.027670785
2020-04-06,2020-04-07,0.003297526,0.003404998,0.003082985,0.003397486,1582949.9231773948,5936367.522646251
2020-04-05,2020-04-06,0.00323741,0.003297566,0.003134326,0.003297526,1176545.6623667656,5810836.194394947
2020-04-04,2020-04-05,0.003169008,0.003252639,0.003140459,0.003236589,1079757.2960579859,5791256.360712357
2020-04-03,2020-04-04,0.003124452,0.00323621,0.003080369,0.003168088,1255294.3460893014,5727579.210200532
2020-04-02,2020-04-03,0.003095578,0.003256457,0.003054036,0.00312029,1325623.3720326612,5646775.207750377
2020-04-01,2020-04-02,0.003051305,0.003097296,0.002924394,0.003092128,2236426.3407139154,5466135.388172717
2020-03-31,2020-04-01,0.002971561,0.00330939,0.002940989,0.003046341,1677156.5355093998,5560993.7612393135
2020-03-30,2020-03-31,0.00276231,0.003012921,0.002753996,0.002965735,948596.9242509612,5266353.211058823
2020-03-29,2020-03-30,0.00297291,0.002989846,0.002710623,0.002769783,1065822.8394458892,5231559.199110045
2020-03-28,2020-03-29,0.0030538,0.0030538,0.002786952,0.002974563,1335595.1136643898,5280471.205927071
2020-03-27,2020-03-28,0.00312561,0.003273462,0.003052011,0.003052011,1406659.3551811592,5708240.270598824
2020-03-26,2020-03-27,0.003052378,0.00312561,0.003007179,0.00312561,1675999.3086053205,5565888.913596394
2020-03-25,2020-03-26,0.002864808,0.003061325,0.002736514,0.003061325,1892360.626964254,5181493.69865717
2020-03-24,2020-03-25,0.00272288,0.002996874,0.00268325,0.002864808,1395440.7708218289,5123809.299043423
2020-03-23,2020-03-24,0.002545382,0.002775439,0.002406173,0.002718228,1286693.2281098766,4721756.107039072
2020-03-22,2020-03-23,0.002708169,0.002979114,0.002530502,0.00254703,1775692.1913913677,5008977.710334542
2020-03-21,2020-03-22,0.002861891,0.002968293,0.002603134,0.002702586,2035931.6641846208,5014595.228990635
2020-03-20,2020-03-21,0.002969264,0.003328591,0.00261439,0.002842645,3373900.8572919914,5525117.793343861
2020-03-19,2020-03-20,0.002294509,0.003057851,0.002255973,0.002945499,2227650.720932117,4789686.558208526
2020-03-18,2020-03-19,0.002359312,0.002487545,0.002176084,0.002253099,1666089.044896417,4140316.59018896
2020-03-17,2020-03-18,0.002282454,0.00250146,0.002282454,0.002372894,1400773.2497935616,4307015.798812477
2020-03-16,2020-03-17,0.00275164,0.00275164,0.002042899,0.002275527,1431257.2872590953,4233936.970513728
2020-03-15,2020-03-16,0.00263264,0.002869144,0.002599626,0.002783809,1239499.332701763,4936295.587850005
2020-03-14,2020-03-15,0.002875216,0.00299796,0.002580528,0.002635944,2210786.495452991,5184138.325034871
2020-03-13,2020-03-14,0.002598797,0.003145508,0.001762157,0.002877022,4249251.547151332,4837599.978064438
2020-03-12,2020-03-13,0.005964741,0.006026791,0.002544224,0.002611458,4702607.297150171,7912803.982220268
2020-03-11,2020-03-12,0.006265246,0.006479017,0.005844446,0.006014106,3717819.6124899746,11270845.998388788
2020-03-10,2020-03-11,0.006100944,0.006463656,0.005977291,0.006269161,3273560.6395136057,11193338.15428355
2020-03-09,2020-03-10,0.006346608,0.006529436,0.00570592,0.006083877,3889152.6851619543,11199836.188277926
2020-03-08,2020-03-09,0.00774805,0.00774805,0.006396879,0.006396879,6782463.383798956,12787683.22856442
2020-03-07,2020-03-08,0.007701382,0.008435023,0.007480544,0.007789797,6961496.031692449,14296587.483774
2020-03-06,2020-03-07,0.007767747,0.007882435,0.007434673,0.007697984,6178107.438431522,13803102.004594415
2020-03-05,2020-03-06,0.006868362,0.008097465,0.006868362,0.007696573,5730223.935215755,13562058.340973722
2020-03-04,2020-03-05,0.006622418,0.007057217,0.006622418,0.00686444,4124371.3740535495,12423388.987823257
2020-03-03,2020-03-04,0.00680339,0.007200232,0.006601043,0.006678815,4861112.884945039,12426052.712651795
2020-03-02,2020-03-03,0.006431988,0.006823805,0.006375252,0.00676283,2673431.160422895,11900130.031086346
2020-03-01,2020-03-02,0.006649888,0.006723766,0.006319189,0.006436889,2289308.7352901786,11885770.82228717
2020-02-29,2020-03-01,0.007076033,0.007091867,0.006618285,0.006654864,2290942.0771071645,12431294.33055886
2020-02-28,2020-02-29,0.007146021,0.007236355,0.006630309,0.00704794,3168511.7882607803,12660371.395646863
2020-02-27,2020-02-28,0.006927191,0.007636922,0.006704331,0.007072995,3855161.785499622,13076802.687333262
2020-02-26,2020-02-27,0.007979508,0.00803447,0.006723267,0.007117589,4658858.864018104,13163824.821528355
2020-02-25,2020-02-26,0.009053038,0.009234758,0.007813427,0.00802034,3320383.2248629383,15528267.642882608
2020-02-24,2020-02-25,0.009591186,0.009613033,0.008915824,0.009052726,3056248.442355468,16700387.097362522
2020-02-23,2020-02-24,0.009352187,0.009594442,0.009179638,0.009587474,3236097.32216385,16951451.632017273
2020-02-22,2020-02-23,0.009498563,0.009498563,0.009199757,0.009336,2591798.5203059525,16918223.187323496
2020-02-21,2020-02-22,0.00928872,0.009710798,0.009254243,0.009453961,3322662.9965729695,17223431.407561
2020-02-20,2020-02-21,0.009835103,0.0099071,0.009072951,0.009306491,3311620.6325008064,16943365.69205635
2020-02-19,2020-02-20,0.010692452,0.010754419,0.00985239,0.00991084,3461531.4029194694,19184611.104411107
2020-02-18,2020-02-19,0.010454877,0.010813274,0.010199116,0.010692606,4708911.145265196,19053850.534552008
2020-02-17,2020-02-18,0.010718394,0.010718394,0.009867559,0.010402059,5820017.924620064,18551730.614014387
2020-02-16,2020-02-17,0.011573924,0.011838738,0.009908016,0.010739541,4129439.3979562568,20205229.93495818
2020-02-15,2020-02-16,0.012918982,0.012982644,0.011316376,0.011564385,4016405.73141639,22252134.193285994
2020-02-14,2020-02-15,0.01193205,0.012877671,0.01177447,0.012877671,4842546.236829664,22520306.171772927
2020-02-13,2020-02-14,0.01205021,0.012211294,0.011237493,0.011916696,6450546.199750835,21568840.887158576
2020-02-12,2020-02-13,0.011365647,0.012724719,0.011343295,0.012056905,5358659.11938719,21658936.17008228
2020-02-11,2020-02-12,0.010726934,0.011468402,0.010518026,0.011421972,4209981.512648234,19879049.839780122
2020-02-10,2020-02-11,0.011012057,0.011055762,0.010131488,0.010769515,3760919.7291798294,19197234.909022417
2020-02-09,2020-02-10,0.010647154,0.011068759,0.010583967,0.011004413,2968507.2879226743,19614747.17845701
2020-02-08,2020-02-09,0.011441138,0.011441138,0.010403382,0.01065321,3952033.7996461014,19596015.859932408
2020-02-07,2020-02-08,0.010609403,0.011501975,0.010479014,0.011380315,4180751.444751847,19813993.265489645
2020-02-06,2020-02-07,0.00989754,0.010725546,0.009821185,0.010593232,3279240.077869494,18599843.988101743
2020-02-05,2020-02-06,0.0100506,0.010176577,0.009575216,0.009934185,4308104.858514901,17919530.931293875
2020-02-04,2020-02-05,0.009459423,0.010106519,0.00931971,0.0100507,3541636.042252617,17499405.292892195
2020-02-03,2020-02-04,0.009251002,0.009518346,0.009119311,0.009448433,2812784.003096282,16814467.59961211
2020-02-02,2020-02-03,0.009532425,0.009563772,0.009067743,0.009248005,3652254.4782682755,16918307.40822525
2020-02-01,2020-02-02,0.009243008,0.009770207,0.009164357,0.009580408,3578804.6717280406,17133876.90599726
2020-01-31,2020-02-01,0.0088278,0.00937294,0.008707844,0.009222763,2541221.938930032,16093899.394418703
2020-01-30,2020-01-31,0.008833187,0.00896952,0.008697759,0.008841092,2456923.8621209413,15982613.138725929
2020-01-29,2020-01-30,0.009187651,0.009227014,0.008780082,0.008834015,3084549.9692382747,16284350.51213492
2020-01-28,2020-01-29,0.009610832,0.009610832,0.009092458,0.009273753,3847751.2971735843,16691919.817172507
2020-01-27,2020-01-28,0.009699917,0.009762818,0.009374816,0.009610941,2238831.459490248,17513428.276015736
2020-01-26,2020-01-27,0.009495509,0.009860845,0.009420855,0.009692941,2187673.6602036743,17561878.722345553
2020-01-25,2020-01-26,0.009418735,0.009574922,0.009209167,0.009508851,2048194.2668357894,16934836.718333397
2020-01-24,2020-01-25,0.009270212,0.009518486,0.009067923,0.009424219,1930368.5922194605,16854546.85418325
2020-01-23,2020-01-24,0.009542525,0.009566517,0.009129283,0.009264946,1731704.4595341946,16903655.94785054
2020-01-22,2020-01-23,0.009632332,0.009688926,0.009512951,0.009536857,3339827.0396388727,17367829.676685996
2020-01-21,2020-01-22,0.009526882,0.0097987,0.009481638,0.009651717,3708232.029884744,17500265.639283463
2020-01-20,2020-01-21,0.009491515,0.009738908,0.009356242,0.009535506,3939825.180565294,17349734.506120376
2020-01-19,2020-01-20,0.010075039,0.010106202,0.009335199,0.009456505,4088973.149622928,17546007.73380715
2020-01-18,2020-01-19,0.010038617,0.010191893,0.009836165,0.010062352,4188687.7803220884,18134678.75844031
2020-01-17,2020-01-18,0.009547652,0.010123135,0.00945072,0.010046705,2916236.913817871,17457947.46745393
2020-01-16,2020-01-17,0.009621164,0.009698305,0.009323626,0.009555469,3937748.863902674,17148754.68989108
2020-01-15,2020-01-16,0.009455022,0.009768123,0.009124461,0.009610654,11007160.923494237,17320018.807114504
2020-01-14,2020-01-15,0.009896956,0.009927794,0.009203121,0.009483323,3654262.062639593,17112339.740127426
2020-01-13,2020-01-14,0.010250525,0.010250525,0.009848033,0.0098993,2074644.8013270872,18048160.707479555
2020-01-12,2020-01-13,0.010106427,0.010263537,0.010054382,0.010216832,2113134.931734701,18473208.72013835
2020-01-11,2020-01-12,0.010330225,0.010382709,0.010101716,0.010101716,2159016.0875432813,18615040.203946717
2020-01-10,2020-01-11,0.010124175,0.010340374,0.010035611,0.010336362,2361820.9341061506,18409559.413426127
2020-01-09,2020-01-10,0.010250928,0.010486457,0.010057461,0.010130124,2241686.6272955174,18599318.58890989
2020-01-08,2020-01-09,0.010423405,0.010492092,0.010090585,0.010272098,2684277.1741380175,18652390.24587885
2020-01-07,2020-01-08,0.010755446,0.010895517,0.010359424,0.010423428,2598232.1373974243,19382416.89022626
2020-01-06,2020-01-07,0.010504043,0.010827018,0.010469957,0.010751969,2039038.4077891556,19364279.09337251
2020-01-05,2020-01-06,0.010643433,0.010677981,0.010429967,0.010497552,2001570.5504725794,19163734.624338955
2020-01-04,2020-01-05,0.01034504,0.01065564,0.010292109,0.010643433,2342607.928391173,18963989.235335298
2020-01-03,2020-01-04,0.010267688,0.010463367,0.010153156,0.010339689,2177965.6334040617,18750440.562195424
2020-01-02,2020-01-03,0.01062406,0.010724953,0.010235065,0.010263426,1984508.3257132422,18987108.585430272
2020-01-01,2020-01-02,0.010886141,0.010969878,0.010560873,0.010621142,1993462.490293647,19493120.666374434